26485.0000 24992.0000 23499.0000 22856.0000 22662.0000 22488.0000 23404.0000 26232.0000 28557.0000 29960.0000 31481.0000 32272.0000 32940.0000 33424.0000 32765.0000 31866.0000 32001.0000 32197.0000 32389.0000 31678.0000 32164.0000 34231.0000 31472.0000 28474.0000 
26308.0000 24753.0000 23364.0000 23104.0000 22923.0000 22765.0000 23632.0000 26544.0000 28781.0000 30546.0000 31908.0000 32657.0000 33221.0000 34006.0000 33172.0000 31486.0000 31060.0000 31039.0000 30944.0000 30682.0000 31671.0000 32656.0000 30570.0000 27915.0000 
26153.0000 24880.0000 23234.0000 22697.0000 21814.0000 21774.0000 21329.0000 22056.0000 22931.0000 24458.0000 26675.0000 27812.0000 28063.0000 28309.0000 28217.0000 26725.0000 25411.0000 25073.0000 25190.0000 25330.0000 26631.0000 28482.0000 27441.0000 25349.0000 
23743.0000 22252.0000 20881.0000 19791.0000 19425.0000 19407.0000 19214.0000 19552.0000 19691.0000 20448.0000 22279.0000 23711.0000 24329.0000 24733.0000 25062.0000 23975.0000 23136.0000 22751.0000 22582.0000 23116.0000 25195.0000 27637.0000 26966.0000 25271.0000 
22993.0000 21806.0000 20678.0000 20198.0000 20053.0000 20107.0000 21247.0000 24809.0000 27430.0000 28883.0000 30423.0000 31282.0000 31452.0000 32100.0000 31113.0000 30202.0000 30217.0000 30338.0000 30447.0000 29789.0000 31328.0000 32978.0000 30415.0000 27317.0000 
25506.0000 23875.0000 22786.0000 22213.0000 22125.0000 22165.0000 22885.0000 26021.0000 28627.0000 30386.0000 32052.0000 32933.0000 33255.0000 33684.0000 32697.0000 31993.0000 31801.0000 31981.0000 31669.0000 31200.0000 32396.0000 33909.0000 31230.0000 27913.0000 
26020.0000 24276.0000 23149.0000 22833.0000 22341.0000 22249.0000 23004.0000 26192.0000 28908.0000 30167.0000 31707.0000 32414.0000 32953.0000 33758.0000 32867.0000 31589.0000 31565.0000 31369.0000 31538.0000 30907.0000 32386.0000 33699.0000 31053.0000 27932.0000 
26294.0000 24351.0000 23216.0000 23218.0000 23058.0000 23183.0000 23766.0000 26516.0000 29792.0000 30941.0000 32707.0000 33415.0000 33876.0000 34307.0000 33081.0000 31858.0000 31745.0000 31645.0000 31713.0000 31533.0000 32992.0000 34316.0000 31255.0000 28176.0000 
25900.0000 24407.0000 23279.0000 22666.0000 22419.0000 22293.0000 23261.0000 26247.0000 29104.0000 30532.0000 32269.0000 32762.0000 32913.0000 33518.0000 32500.0000 31352.0000 30593.0000 30560.0000 30336.0000 29908.0000 30830.0000 31652.0000 29470.0000 27044.0000 
25493.0000 24079.0000 22575.0000 21530.0000 20985.0000 21011.0000 20744.0000 21356.0000 22277.0000 23499.0000 26274.0000 27016.0000 27298.0000 27537.0000 27432.0000 26073.0000 25086.0000 24998.0000 24665.0000 24674.0000 26774.0000 28757.0000 27240.0000 25273.0000 
23453.0000 21693.0000 20573.0000 19709.0000 19449.0000 18975.0000 18835.0000 19287.0000 19834.0000 20102.0000 22382.0000 23728.0000 24134.0000 24538.0000 24705.0000 23794.0000 22740.0000 22456.0000 22249.0000 22454.0000 24873.0000 27130.0000 26743.0000 24716.0000 
22653.0000 21405.0000 20165.0000 19590.0000 19579.0000 19584.0000 20876.0000 24215.0000 27231.0000 28634.0000 29668.0000 30686.0000 30938.0000 31647.0000 30728.0000 29759.0000 29410.0000 29374.0000 29353.0000 28956.0000 30982.0000 32171.0000 29405.0000 26455.0000 
24673.0000 23042.0000 22191.0000 21395.0000 21314.0000 21381.0000 22126.0000 25046.0000 28024.0000 29224.0000 30155.0000 30570.0000 31279.0000 31669.0000 30687.0000 29505.0000 29468.0000 29552.0000 29689.0000 29328.0000 31449.0000 32441.0000 29727.0000 26750.0000 
24601.0000 23066.0000 21803.0000 21408.0000 21253.0000 21259.0000 22112.0000 24775.0000 27248.0000 28271.0000 29552.0000 30298.0000 30528.0000 31201.0000 30204.0000 29333.0000 28948.0000 28755.0000 28587.0000 28445.0000 30682.0000 31541.0000 29213.0000 26481.0000 
24697.0000 23092.0000 21750.0000 21246.0000 21216.0000 21423.0000 22204.0000 25024.0000 27845.0000 28896.0000 30277.0000 30644.0000 31143.0000 31731.0000 31051.0000 29873.0000 29992.0000 29927.0000 30097.0000 29365.0000 31739.0000 32573.0000 29835.0000 27099.0000 
24709.0000 23178.0000 22109.0000 21574.0000 21330.0000 21468.0000 22181.0000 24834.0000 27963.0000 28874.0000 29896.0000 30615.0000 30773.0000 31287.0000 30187.0000 29192.0000 28556.0000 28662.0000 28691.0000 28495.0000 30528.0000 31020.0000 28752.0000 25895.0000 
24302.0000 22764.0000 21430.0000 21060.0000 20471.0000 20325.0000 19768.0000 20193.0000 21122.0000 21971.0000 23989.0000 24937.0000 25099.0000 25363.0000 25563.0000 23894.0000 23341.0000 22774.0000 22462.0000 22609.0000 25730.0000 27114.0000 26137.0000 24405.0000 
22732.0000 21034.0000 19796.0000 19282.0000 18600.0000 18360.0000 18430.0000 18979.0000 19536.0000 19711.0000 21896.0000 23367.0000 23540.0000 24020.0000 24816.0000 23331.0000 22170.0000 21855.0000 21636.0000 22102.0000 25787.0000 27057.0000 26299.0000 24286.0000 
22030.0000 20767.0000 20082.0000 19545.0000 19308.0000 19374.0000 20992.0000 24078.0000 27630.0000 28752.0000 30041.0000 30376.0000 30642.0000 31171.0000 30316.0000 29214.0000 28755.0000 28931.0000 28738.0000 28944.0000 31864.0000 31933.0000 29727.0000 26649.0000 
24620.0000 23207.0000 22156.0000 21333.0000 21384.0000 21385.0000 21977.0000 25056.0000 28500.0000 29703.0000 30723.0000 31097.0000 31621.0000 31655.0000 31141.0000 29662.0000 29398.0000 29656.0000 29308.0000 29505.0000 32629.0000 32989.0000 30318.0000 27205.0000 
24911.0000 23177.0000 22217.0000 21895.0000 21317.0000 21499.0000 22361.0000 25239.0000 28262.0000 29299.0000 30617.0000 31104.0000 31522.0000 32104.0000 31315.0000 30168.0000 30031.0000 30002.0000 29943.0000 29439.0000 32354.0000 32510.0000 30173.0000 27030.0000 
25165.0000 23585.0000 22389.0000 22012.0000 21566.0000 21647.0000 22313.0000 25073.0000 28093.0000 29435.0000 30438.0000 30993.0000 31452.0000 31913.0000 30800.0000 29926.0000 29854.0000 30107.0000 29920.0000 29906.0000 32792.0000 32699.0000 29991.0000 27038.0000 
25185.0000 23902.0000 22558.0000 22066.0000 21393.0000 21628.0000 22460.0000 25187.0000 28364.0000 29292.0000 30428.0000 30804.0000 31144.0000 31646.0000 31008.0000 30238.0000 29632.0000 29354.0000 29251.0000 29304.0000 31997.0000 31851.0000 29688.0000 26772.0000 
25240.0000 23970.0000 22293.0000 21407.0000 21015.0000 20794.0000 20665.0000 21796.0000 22889.0000 23930.0000 26215.0000 27100.0000 27515.0000 27717.0000 27904.0000 26457.0000 25092.0000 24710.0000 24729.0000 24775.0000 28156.0000 28460.0000 27374.0000 25109.0000 
23146.0000 21793.0000 20550.0000 19738.0000 19388.0000 19037.0000 18874.0000 19587.0000 19908.0000 20163.0000 21995.0000 23515.0000 23999.0000 24424.0000 24755.0000 23602.0000 22699.0000 21910.0000 21852.0000 22289.0000 26196.0000 27292.0000 26923.0000 24496.0000 
22433.0000 21295.0000 19982.0000 19941.0000 19503.0000 19892.0000 20875.0000 24236.0000 28214.0000 29276.0000 30245.0000 31044.0000 31195.0000 31867.0000 30517.0000 29561.0000 29302.0000 29160.0000 29273.0000 29853.0000 32604.0000 32614.0000 29650.0000 26774.0000 
25083.0000 23352.0000 22315.0000 21833.0000 21700.0000 21805.0000 22588.0000 25516.0000 28935.0000 30193.0000 30983.0000 31586.0000 32422.0000 32876.0000 31264.0000 30196.0000 29799.0000 30009.0000 30017.0000 30225.0000 33034.0000 32918.0000 30168.0000 26967.0000 
24832.0000 23409.0000 22180.0000 21604.0000 21171.0000 21213.0000 22456.0000 25471.0000 28256.0000 30026.0000 31063.0000 31472.0000 31784.0000 32043.0000 31083.0000 29944.0000 29596.0000 29253.0000 29347.0000 29457.0000 32418.0000 32341.0000 29885.0000 26953.0000 
24940.0000 23567.0000 22119.0000 21703.0000 21325.0000 21670.0000 22275.0000 25153.0000 27693.0000 29474.0000 30691.0000 31545.0000 31870.0000 32157.0000 31312.0000 30124.0000 29937.0000 29884.0000 30031.0000 30375.0000 32968.0000 32804.0000 30169.0000 27233.0000 
25438.0000 23778.0000 22466.0000 21785.0000 21222.0000 21578.0000 22327.0000 25019.0000 28226.0000 29449.0000 30466.0000 30873.0000 31183.0000 31412.0000 30651.0000 29616.0000 29069.0000 28910.0000 28741.0000 28687.0000 31325.0000 31396.0000 29186.0000 26542.0000 
24856.0000 23717.0000 22147.0000 21310.0000 20685.0000 20206.0000 20281.0000 21027.0000 22571.0000 23833.0000 26173.0000 27332.0000 27487.0000 27564.0000 27768.0000 26055.0000 24904.0000 24275.0000 24268.0000 24713.0000 27739.0000 28082.0000 26872.0000 24716.0000 
23301.0000 21839.0000 20338.0000 18915.0000 18429.0000 18386.0000 18688.0000 19085.0000 19123.0000 21237.0000 22786.0000 23660.0000 23578.0000 23543.0000 23844.0000 23133.0000 22343.0000 21976.0000 22820.0000 25980.0000 26759.0000 27091.0000 26132.0000 24219.0000 
21996.0000 20705.0000 19833.0000 19667.0000 19445.0000 19724.0000 20990.0000 24493.0000 26602.0000 28805.0000 30284.0000 30797.0000 30873.0000 31624.0000 30806.0000 29900.0000 29446.0000 29221.0000 30210.0000 33028.0000 32851.0000 32243.0000 29673.0000 26204.0000 
24575.0000 22628.0000 21678.0000 21322.0000 20929.0000 21150.0000 22219.0000 25437.0000 27141.0000 29359.0000 30224.0000 30829.0000 30975.0000 31483.0000 30754.0000 29370.0000 29441.0000 29292.0000 30049.0000 32450.0000 32817.0000 32324.0000 29593.0000 26887.0000 
24749.0000 22816.0000 21726.0000 21503.0000 20842.0000 21305.0000 22137.0000 25436.0000 27474.0000 29657.0000 30536.0000 30926.0000 31084.0000 31569.0000 30723.0000 29296.0000 28975.0000 29086.0000 29864.0000 32664.0000 32896.0000 32299.0000 29636.0000 26819.0000 
24806.0000 22996.0000 21751.0000 21295.0000 21135.0000 21300.0000 22064.0000 24988.0000 26961.0000 28888.0000 30192.0000 30047.0000 30421.0000 30804.0000 29767.0000 29008.0000 28595.0000 28455.0000 29256.0000 32010.0000 31963.0000 31099.0000 29024.0000 26682.0000 
25169.0000 23384.0000 21920.0000 20912.0000 20199.0000 19730.0000 19730.0000 20228.0000 20049.0000 22226.0000 24072.0000 25030.0000 25054.0000 25068.0000 25811.0000 24632.0000 23553.0000 23370.0000 24154.0000 26965.0000 27475.0000 27834.0000 27086.0000 25338.0000 
23446.0000 21467.0000 19969.0000 19709.0000 18975.0000 19415.0000 19728.0000 20612.0000 21022.0000 23064.0000 25610.0000 26243.0000 26276.0000 26286.0000 26701.0000 25275.0000 24612.0000 24317.0000 24975.0000 27578.0000 28181.0000 28282.0000 27045.0000 24963.0000 
23073.0000 21399.0000 20348.0000 19402.0000 18713.0000 18744.0000 19061.0000 19554.0000 18992.0000 20471.0000 22500.0000 23709.0000 23916.0000 24198.0000 24542.0000 23246.0000 22714.0000 22196.0000 23392.0000 25969.0000 27065.0000 27812.0000 26688.0000 24784.0000 
22727.0000 20901.0000 19714.0000 19833.0000 19438.0000 20101.0000 21323.0000 24458.0000 27146.0000 29561.0000 30905.0000 31777.0000 32190.0000 32203.0000 31410.0000 30121.0000 29936.0000 29873.0000 31155.0000 33391.0000 33524.0000 32935.0000 30429.0000 27405.0000 
25436.0000 23735.0000 22767.0000 22159.0000 21591.0000 21708.0000 22846.0000 25985.0000 27647.0000 30176.0000 31360.0000 31611.0000 31745.0000 32420.0000 31173.0000 30115.0000 29555.0000 29357.0000 30367.0000 33348.0000 33151.0000 32603.0000 30097.0000 27654.0000 
25280.0000 23111.0000 22119.0000 21581.0000 21463.0000 21652.0000 22415.0000 25875.0000 28118.0000 30002.0000 31103.0000 31374.0000 31830.0000 31854.0000 30947.0000 29968.0000 29682.0000 29544.0000 30409.0000 32932.0000 33006.0000 32731.0000 30003.0000 27367.0000 
25377.0000 23682.0000 22730.0000 21924.0000 21533.0000 21785.0000 22535.0000 25712.0000 28012.0000 29795.0000 31052.0000 31545.0000 31619.0000 32065.0000 30932.0000 30059.0000 29629.0000 29692.0000 30994.0000 33333.0000 33518.0000 32601.0000 29947.0000 27338.0000 
25572.0000 23484.0000 22177.0000 21423.0000 21191.0000 21399.0000 22284.0000 25539.0000 27559.0000 29710.0000 30998.0000 31417.0000 31583.0000 31932.0000 30602.0000 29025.0000 28613.0000 28833.0000 30005.0000 31972.0000 31955.0000 31395.0000 28997.0000 26996.0000 
25135.0000 23666.0000 21892.0000 21290.0000 20699.0000 20476.0000 20513.0000 21613.0000 21902.0000 24165.0000 26334.0000 27202.0000 27086.0000 27217.0000 27206.0000 25806.0000 25101.0000 24457.0000 25645.0000 28081.0000 28152.0000 28392.0000 27657.0000 25511.0000 
23757.0000 21679.0000 20534.0000 19454.0000 18940.0000 18821.0000 19044.0000 19602.0000 19577.0000 20692.0000 22776.0000 24028.0000 24321.0000 24466.0000 24975.0000 23792.0000 23112.0000 22569.0000 23865.0000 26429.0000 27720.0000 28088.0000 27119.0000 25275.0000 
23068.0000 21396.0000 20502.0000 19851.0000 19609.0000 19881.0000 21232.0000 24857.0000 27515.0000 29312.0000 30741.0000 31082.0000 31195.0000 31621.0000 30489.0000 29490.0000 29172.0000 29146.0000 30428.0000 32893.0000 32765.0000 32320.0000 29935.0000 27007.0000 
25072.0000 23034.0000 21801.0000 21381.0000 21137.0000 21270.0000 22207.0000 25553.0000 27969.0000 29868.0000 30834.0000 31226.0000 31235.0000 31637.0000 30693.0000 29291.0000 29282.0000 28947.0000 30022.0000 32727.0000 32914.0000 32624.0000 30348.0000 27412.0000 
24934.0000 23063.0000 21729.0000 21243.0000 20830.0000 21251.0000 22175.0000 25488.0000 27715.0000 29961.0000 31231.0000 31694.0000 31475.0000 31820.0000 30844.0000 29891.0000 29434.0000 29765.0000 31368.0000 33097.0000 33433.0000 33005.0000 30497.0000 27570.0000 
25344.0000 23300.0000 22004.0000 21669.0000 21334.0000 21298.0000 22196.0000 25479.0000 27998.0000 30171.0000 31335.0000 31970.0000 31698.0000 31741.0000 30731.0000 29615.0000 29386.0000 29547.0000 31260.0000 33486.0000 33802.0000 33074.0000 30938.0000 28053.0000 
25798.0000 23955.0000 22437.0000 21930.0000 21714.0000 21943.0000 22576.0000 25850.0000 28596.0000 30710.0000 31744.0000 32154.0000 32381.0000 32552.0000 31386.0000 29996.0000 30018.0000 30180.0000 31721.0000 33773.0000 33831.0000 33435.0000 30687.0000 28406.0000 
26629.0000 24491.0000 22757.0000 21728.0000 21264.0000 21128.0000 21038.0000 21966.0000 22956.0000 25016.0000 27819.0000 29303.0000 29237.0000 29414.0000 29524.0000 28142.0000 26865.0000 26765.0000 28290.0000 30269.0000 30787.0000 30921.0000 29737.0000 27425.0000 
25508.0000 23435.0000 21693.0000 20124.0000 19985.0000 19926.0000 19914.0000 20212.0000 20503.0000 21971.0000 24407.0000 25917.0000 26518.0000 27028.0000 27242.0000 26243.0000 24952.0000 25012.0000 26381.0000 28559.0000 29572.0000 30042.0000 28970.0000 27212.0000 
24307.0000 22282.0000 20604.0000 20505.0000 20374.0000 20575.0000 22185.0000 25937.0000 29459.0000 31772.0000 33830.0000 34366.0000 34738.0000 34944.0000 33853.0000 32673.0000 32463.0000 32654.0000 34367.0000 36022.0000 36333.0000 35672.0000 33228.0000 30056.0000 
27148.0000 25163.0000 23816.0000 22709.0000 22619.0000 22658.0000 23840.0000 27620.0000 30806.0000 32765.0000 34515.0000 34751.0000 34353.0000 34347.0000 33323.0000 32193.0000 32156.0000 32023.0000 33999.0000 36161.0000 36263.0000 35930.0000 33437.0000 30931.0000 
27794.0000 25349.0000 23988.0000 23091.0000 22852.0000 23055.0000 24169.0000 27380.0000 30807.0000 33324.0000 34497.0000 35239.0000 34971.0000 34909.0000 33501.0000 32466.0000 32080.0000 32507.0000 34571.0000 36506.0000 36847.0000 36229.0000 33647.0000 31235.0000 
27895.0000 25682.0000 23938.0000 23055.0000 22806.0000 22918.0000 24069.0000 27464.0000 30941.0000 33354.0000 35168.0000 35747.0000 35677.0000 35500.0000 34300.0000 33677.0000 33529.0000 33230.0000 35416.0000 37171.0000 37275.0000 36942.0000 34401.0000 31537.0000 
28823.0000 25785.0000 24615.0000 23756.0000 23308.0000 23276.0000 24201.0000 27924.0000 31528.0000 33530.0000 35275.0000 35324.0000 35121.0000 35062.0000 33872.0000 32661.0000 32395.0000 32598.0000 34869.0000 36614.0000 36287.0000 35895.0000 33808.0000 31126.0000 
28606.0000 26318.0000 24526.0000 23003.0000 22545.0000 22351.0000 22223.0000 23468.0000 24566.0000 27018.0000 30069.0000 31333.0000 31024.0000 30588.0000 30787.0000 29576.0000 28531.0000 28287.0000 30179.0000 32089.0000 32720.0000 32998.0000 32035.0000 29994.0000 
27503.0000 24692.0000 22900.0000 21636.0000 21089.0000 20762.0000 20993.0000 21408.0000 21801.0000 23135.0000 25746.0000 27675.0000 27646.0000 27724.0000 28157.0000 27230.0000 26621.0000 26177.0000 28204.0000 30565.0000 31480.0000 32358.0000 31616.0000 29709.0000 
26361.0000 23862.0000 21986.0000 21377.0000 21340.0000 21724.0000 23283.0000 27258.0000 31849.0000 34485.0000 36224.0000 36563.0000 36289.0000 35924.0000 34687.0000 33910.0000 33259.0000 33564.0000 35954.0000 38113.0000 38503.0000 38075.0000 35737.0000 32469.0000 
29241.0000 26383.0000 24544.0000 23745.0000 23160.0000 23489.0000 24543.0000 28305.0000 32929.0000 34986.0000 36776.0000 36776.0000 36494.0000 36555.0000 35606.0000 34451.0000 34290.0000 34292.0000 37193.0000 39236.0000 39308.0000 39022.0000 36277.0000 33170.0000 
29602.0000 26624.0000 24787.0000 23942.0000 23687.0000 23728.0000 25080.0000 29081.0000 33444.0000 35627.0000 37166.0000 37539.0000 36742.0000 36988.0000 35739.0000 34964.0000 34734.0000 34709.0000 36905.0000 38851.0000 39231.0000 38727.0000 36195.0000 33371.0000 
30098.0000 27302.0000 25066.0000 24192.0000 23842.0000 24135.0000 25210.0000 29142.0000 33356.0000 35855.0000 37710.0000 38148.0000 37480.0000 37376.0000 36045.0000 34903.0000 34922.0000 35023.0000 37356.0000 39423.0000 39467.0000 38818.0000 36285.0000 33462.0000 
30191.0000 27470.0000 25269.0000 24251.0000 23975.0000 23973.0000 25222.0000 28925.0000 33442.0000 35525.0000 37308.0000 37280.0000 36469.0000 36343.0000 34756.0000 33794.0000 33563.0000 33391.0000 36125.0000 38019.0000 37906.0000 37432.0000 35540.0000 33245.0000 
30414.0000 27573.0000 25189.0000 23611.0000 23262.0000 23018.0000 23017.0000 24086.0000 25797.0000 28341.0000 31641.0000 33004.0000 32610.0000 32434.0000 32318.0000 31823.0000 30651.0000 30146.0000 32161.0000 33920.0000 33966.0000 34445.0000 33488.0000 31447.0000 
28801.0000 26253.0000 24078.0000 22336.0000 21677.0000 21499.0000 21668.0000 22315.0000 22881.0000 23884.0000 26831.0000 28641.0000 28904.0000 28948.0000 29402.0000 28680.0000 27864.0000 27166.0000 29314.0000 31739.0000 32995.0000 33730.0000 33234.0000 30822.0000 
27476.0000 24759.0000 23279.0000 22322.0000 22018.0000 22431.0000 23881.0000 28225.0000 33094.0000 35207.0000 37290.0000 37247.0000 36796.0000 36810.0000 35601.0000 34944.0000 34969.0000 34722.0000 37279.0000 38762.0000 38951.0000 38413.0000 36335.0000 33078.0000 
29924.0000 26973.0000 25158.0000 24410.0000 23992.0000 24258.0000 25466.0000 29214.0000 33319.0000 34842.0000 36430.0000 36337.0000 35909.0000 35744.0000 34768.0000 33895.0000 33846.0000 33789.0000 36283.0000 38056.0000 38166.0000 38232.0000 35977.0000 33075.0000 
29703.0000 26895.0000 24899.0000 24021.0000 23646.0000 24074.0000 25010.0000 28957.0000 33309.0000 35042.0000 36723.0000 36399.0000 35775.0000 35294.0000 34149.0000 33212.0000 33418.0000 33397.0000 36018.0000 37541.0000 37908.0000 37558.0000 35647.0000 32720.0000 
29499.0000 26770.0000 25043.0000 24049.0000 23706.0000 24050.0000 24943.0000 29015.0000 33037.0000 34640.0000 35650.0000 35610.0000 34905.0000 34747.0000 33793.0000 32948.0000 32865.0000 32912.0000 35143.0000 36999.0000 36823.0000 36548.0000 35038.0000 32417.0000 
29767.0000 27399.0000 24951.0000 24002.0000 23204.0000 23113.0000 22656.0000 23837.0000 24932.0000 26100.0000 28465.0000 29105.0000 29109.0000 29176.0000 29109.0000 28308.0000 27387.0000 27197.0000 29287.0000 31488.0000 31886.0000 32763.0000 32464.0000 31157.0000 
28504.0000 26018.0000 23881.0000 22285.0000 21679.0000 21979.0000 22229.0000 23391.0000 24865.0000 27093.0000 29899.0000 30821.0000 30202.0000 29694.0000 29729.0000 28638.0000 28019.0000 27747.0000 29959.0000 32097.0000 32575.0000 33034.0000 32365.0000 30618.0000 
28159.0000 25921.0000 23902.0000 22337.0000 21662.0000 21411.0000 21706.0000 22330.0000 23003.0000 24263.0000 26960.0000 28607.0000 28556.0000 28129.0000 28513.0000 27477.0000 26896.0000 26671.0000 28638.0000 31082.0000 31953.0000 32849.0000 32421.0000 30421.0000 
27655.0000 25058.0000 23025.0000 22086.0000 21865.0000 22036.0000 23411.0000 26687.0000 30224.0000 32030.0000 34147.0000 34867.0000 34660.0000 34303.0000 33619.0000 32517.0000 32247.0000 32128.0000 34612.0000 36680.0000 37122.0000 36913.0000 35152.0000 32164.0000 
29097.0000 26530.0000 24527.0000 23891.0000 23437.0000 23876.0000 24833.0000 29176.0000 33715.0000 35630.0000 37004.0000 37089.0000 36873.0000 36493.0000 35266.0000 34211.0000 34141.0000 34402.0000 37223.0000 38659.0000 38896.0000 38802.0000 36278.0000 33004.0000 
29795.0000 26769.0000 25273.0000 24271.0000 23970.0000 24275.0000 25210.0000 29146.0000 33609.0000 35364.0000 36789.0000 36786.0000 36414.0000 36089.0000 35160.0000 34194.0000 34129.0000 34143.0000 36929.0000 38597.0000 38648.0000 38378.0000 36055.0000 32950.0000 
29559.0000 27075.0000 25334.0000 24289.0000 23837.0000 23834.0000 25053.0000 28869.0000 33486.0000 35025.0000 36455.0000 36280.0000 35873.0000 35576.0000 34206.0000 33428.0000 33600.0000 33989.0000 36352.0000 38115.0000 38288.0000 37783.0000 35893.0000 32839.0000 
29857.0000 26778.0000 25170.0000 24198.0000 23612.0000 23789.0000 24848.0000 28893.0000 33458.0000 35298.0000 36460.0000 36530.0000 36292.0000 36046.0000 35010.0000 33772.0000 33776.0000 33997.0000 36104.0000 37485.0000 37168.0000 36394.0000 34613.0000 32115.0000 
29999.0000 27390.0000 25097.0000 23549.0000 23002.0000 23000.0000 22885.0000 23749.0000 25627.0000 27803.0000 30975.0000 31381.0000 31123.0000 30760.0000 30657.0000 29539.0000 28576.0000 28353.0000 30395.0000 32421.0000 32695.0000 32911.0000 32024.0000 30403.0000 
28160.0000 25172.0000 23173.0000 21806.0000 21196.0000 20759.0000 21402.0000 21713.0000 22789.0000 23358.0000 26223.0000 27728.0000 27765.0000 27528.0000 28052.0000 26869.0000 26153.0000 26001.0000 28089.0000 30754.0000 31777.0000 32508.0000 32197.0000 29985.0000 
26972.0000 24497.0000 22713.0000 21700.0000 21479.0000 21940.0000 23604.0000 27749.0000 32727.0000 34570.0000 36189.0000 36388.0000 35842.0000 35711.0000 34391.0000 33659.0000 33495.0000 33668.0000 35937.0000 37554.0000 37663.0000 37605.0000 35316.0000 32237.0000 
29151.0000 26259.0000 24381.0000 23552.0000 23177.0000 23355.0000 24503.0000 28338.0000 32899.0000 34488.0000 35987.0000 36155.0000 35720.0000 35752.0000 34587.0000 33660.0000 33663.0000 33668.0000 35743.0000 37478.0000 37551.0000 37145.0000 34914.0000 32107.0000 
28957.0000 26234.0000 24625.0000 23632.0000 23278.0000 23488.0000 24545.0000 28341.0000 32512.0000 34534.0000 35923.0000 35994.0000 35626.0000 35394.0000 34375.0000 33353.0000 33387.0000 33700.0000 35934.0000 37165.0000 37483.0000 36999.0000 34810.0000 32208.0000 
29152.0000 26573.0000 24740.0000 23721.0000 23247.0000 23347.0000 24249.0000 28077.0000 32201.0000 34167.0000 35250.0000 35619.0000 35738.0000 35742.0000 34855.0000 33613.0000 33742.0000 34151.0000 35682.0000 36769.0000 36895.0000 36243.0000 34395.0000 31917.0000 
28809.0000 26281.0000 24558.0000 23296.0000 22950.0000 23021.0000 24028.0000 27519.0000 31744.0000 33414.0000 34732.0000 34770.0000 34030.0000 33502.0000 32657.0000 31388.0000 31286.0000 31218.0000 33223.0000 34855.0000 35075.0000 34718.0000 33038.0000 31049.0000 
29029.0000 26292.0000 24123.0000 22830.0000 22346.0000 21922.0000 22263.0000 23187.0000 25195.0000 26829.0000 29863.0000 30845.0000 30671.0000 29974.0000 30364.0000 28958.0000 28627.0000 28287.0000 30100.0000 31923.0000 32331.0000 32685.0000 31693.0000 30226.0000 
27753.0000 25034.0000 23201.0000 21839.0000 20982.0000 21040.0000 20798.0000 21406.0000 22741.0000 23760.0000 26645.0000 28348.0000 28237.0000 27955.0000 28219.0000 27063.0000 26232.0000 26100.0000 28031.0000 30017.0000 30993.0000 31503.0000 31508.0000 29701.0000 
27006.0000 23931.0000 21967.0000 20971.0000 20810.0000 20898.0000 21793.0000 24812.0000 27719.0000 30733.0000 33270.0000 33019.0000 32157.0000 31957.0000 31561.0000 30246.0000 29833.0000 30082.0000 32225.0000 33718.0000 33675.0000 33650.0000 32569.0000 30198.0000 
27585.0000 24607.0000 22083.0000 20970.0000 20221.0000 20337.0000 20994.0000 22747.0000 25010.0000 27708.0000 30454.0000 31571.0000 31266.0000 30547.0000 29864.0000 28480.0000 28149.0000 28178.0000 29938.0000 31199.0000 30075.0000 28504.0000 25827.0000 24703.0000 
24053.0000 22653.0000 21162.0000 19730.0000 18282.0000 17888.0000 17928.0000 18242.0000 18811.0000 18595.0000 20628.0000 23115.0000 24194.0000 24979.0000 25111.0000 23377.0000 22391.0000 22477.0000 23679.0000 25755.0000 26699.0000 27665.0000 27642.0000 26515.0000 
24342.0000 21509.0000 19906.0000 18681.0000 18031.0000 18189.0000 19266.0000 21700.0000 24187.0000 26907.0000 29669.0000 30762.0000 30898.0000 30701.0000 30201.0000 28563.0000 28513.0000 28573.0000 30076.0000 32199.0000 32145.0000 32092.0000 31272.0000 29174.0000 
26669.0000 23783.0000 22002.0000 20762.0000 19924.0000 19979.0000 21104.0000 23262.0000 26210.0000 28856.0000 31278.0000 31880.0000 31407.0000 31274.0000 31041.0000 29665.0000 29144.0000 29172.0000 31095.0000 32521.0000 32371.0000 31837.0000 30945.0000 28679.0000 
26827.0000 24419.0000 22267.0000 20778.0000 20026.0000 19988.0000 20312.0000 21366.0000 22660.0000 24020.0000 26835.0000 28425.0000 28400.0000 28223.0000 28332.0000 27348.0000 26445.0000 25929.0000 27711.0000 29682.0000 30264.0000 30543.0000 29833.0000 28404.0000 
26002.0000 23537.0000 21978.0000 20679.0000 20255.0000 19810.0000 19678.0000 20392.0000 20942.0000 21593.0000 24127.0000 25982.0000 26130.0000 26179.0000 26806.0000 25884.0000 25014.0000 24793.0000 26352.0000 29008.0000 29635.0000 30313.0000 30076.0000 28275.0000 
25773.0000 22963.0000 21154.0000 19992.0000 19460.0000 19647.0000 20620.0000 23056.0000 26149.0000 29206.0000 31568.0000 32524.0000 31932.0000 31619.0000 31408.0000 30228.0000 29977.0000 30048.0000 31842.0000 33323.0000 33444.0000 33256.0000 32230.0000 30075.0000 
27420.0000 24282.0000 22098.0000 20764.0000 19937.0000 19788.0000 20499.0000 22238.0000 24223.0000 27136.0000 29697.0000 30957.0000 30616.0000 30111.0000 29453.0000 28240.0000 27717.0000 27623.0000 29454.0000 31864.0000 31378.0000 29823.0000 27322.0000 25624.0000 
24546.0000 23878.0000 22428.0000 20684.0000 19499.0000 18957.0000 18895.0000 19095.0000 19349.0000 18969.0000 20262.0000 21960.0000 23085.0000 23796.0000 24618.0000 23910.0000 22985.0000 22895.0000 24724.0000 26785.0000 27608.0000 28324.0000 28280.0000 26770.0000 
24256.0000 22050.0000 20065.0000 18931.0000 18563.0000 18695.0000 20244.0000 23342.0000 26230.0000 29138.0000 31761.0000 32814.0000 32876.0000 32910.0000 32709.0000 31500.0000 30920.0000 31163.0000 32602.0000 33630.0000 33505.0000 33216.0000 32323.0000 30023.0000 
27397.0000 24939.0000 23044.0000 21817.0000 21676.0000 21385.0000 22557.0000 24603.0000 27529.0000 29903.0000 31932.0000 32503.0000 32028.0000 31715.0000 31419.0000 29893.0000 29444.0000 29290.0000 30542.0000 32431.0000 32470.0000 32413.0000 31092.0000 29239.0000 
27266.0000 24872.0000 23621.0000 21994.0000 21191.0000 20798.0000 21084.0000 22082.0000 23296.0000 24448.0000 27852.0000 29183.0000 29044.0000 29637.0000 29589.0000 28559.0000 28001.0000 27392.0000 28863.0000 30744.0000 31087.0000 31611.0000 30890.0000 29392.0000 
27303.0000 24614.0000 22633.0000 21171.0000 20619.0000 20592.0000 20492.0000 21116.0000 21645.0000 22591.0000 25331.0000 27222.0000 27779.0000 27964.0000 28229.0000 27248.0000 26249.0000 25639.0000 26698.0000 28274.0000 27986.0000 29108.0000 28807.0000 28150.0000 
26275.0000 23861.0000 21931.0000 20842.0000 19955.0000 19561.0000 19694.0000 20244.0000 20573.0000 21234.0000 23051.0000 24290.0000 25000.0000 24968.0000 25043.0000 23838.0000 23246.0000 23295.0000 24633.0000 26998.0000 28078.0000 28778.0000 29259.0000 27702.0000 
25551.0000 23740.0000 21701.0000 21140.0000 20550.0000 20804.0000 22329.0000 25995.0000 29953.0000 32290.0000 34203.0000 34560.0000 34051.0000 33783.0000 33286.0000 31992.0000 31839.0000 31664.0000 33152.0000 35530.0000 35579.0000 35543.0000 33538.0000 30618.0000 
28220.0000 25388.0000 23305.0000 22813.0000 21988.0000 22249.0000 23457.0000 27349.0000 31741.0000 33372.0000 34550.0000 34736.0000 34252.0000 33987.0000 32797.0000 31719.0000 31877.0000 31730.0000 32987.0000 35693.0000 35891.0000 35441.0000 33551.0000 30970.0000 
27872.0000 25692.0000 24076.0000 23379.0000 22915.0000 23142.0000 24322.0000 27510.0000 31955.0000 33689.0000 34878.0000 34905.0000 34258.0000 34238.0000 33226.0000 32077.0000 31858.0000 31972.0000 33510.0000 35870.0000 36217.0000 36062.0000 33973.0000 30967.0000 
28517.0000 25673.0000 23823.0000 23143.0000 22881.0000 22857.0000 24350.0000 27537.0000 32223.0000 33526.0000 34677.0000 35240.0000 34659.0000 34592.0000 33521.0000 32621.0000 32279.0000 32143.0000 33317.0000 35254.0000 35087.0000 34699.0000 33365.0000 30896.0000 
28853.0000 26352.0000 24716.0000 23385.0000 22569.0000 22283.0000 22373.0000 23236.0000 25089.0000 26339.0000 29369.0000 30799.0000 31060.0000 30805.0000 30514.0000 29488.0000 28416.0000 27898.0000 28851.0000 31860.0000 31988.0000 31933.0000 31281.0000 29997.0000 
27472.0000 24907.0000 22844.0000 21569.0000 21194.0000 20739.0000 20932.0000 21813.0000 22689.0000 23212.0000 25741.0000 27279.0000 27469.0000 27351.0000 28287.0000 27360.0000 26286.0000 25844.0000 27114.0000 29769.0000 30880.0000 31878.0000 31100.0000 29200.0000 
26259.0000 23768.0000 22526.0000 21502.0000 21376.0000 21551.0000 23145.0000 27166.0000 32240.0000 33753.0000 35366.0000 35875.0000 35716.0000 35782.0000 34995.0000 33692.0000 33661.0000 33680.0000 34586.0000 36713.0000 36972.0000 36726.0000 34714.0000 31636.0000 
28668.0000 26140.0000 24696.0000 23734.0000 23803.0000 23642.0000 24835.0000 28207.0000 32541.0000 34729.0000 35844.0000 35923.0000 35946.0000 35848.0000 34905.0000 33666.0000 33469.0000 33449.0000 34387.0000 36747.0000 36996.0000 36606.0000 34456.0000 31643.0000 
28485.0000 26158.0000 24500.0000 23645.0000 23191.0000 23441.0000 24578.0000 27962.0000 32525.0000 34184.0000 35299.0000 35502.0000 35370.0000 35196.0000 34394.0000 33444.0000 33322.0000 33354.0000 34342.0000 36311.0000 36939.0000 36711.0000 34497.0000 31621.0000 
28615.0000 25903.0000 24327.0000 23493.0000 22944.0000 23107.0000 24443.0000 28157.0000 32520.0000 33749.0000 34998.0000 35462.0000 35695.0000 35520.0000 34446.0000 33581.0000 33601.0000 33562.0000 34081.0000 36770.0000 36939.0000 36450.0000 34539.0000 31693.0000 
28839.0000 26230.0000 24726.0000 24084.0000 23512.0000 23374.0000 24657.0000 28449.0000 32659.0000 34220.0000 35478.0000 35471.0000 35338.0000 35219.0000 34393.0000 33398.0000 32667.0000 32588.0000 33421.0000 35807.0000 35951.0000 35585.0000 33735.0000 31640.0000 
29344.0000 27056.0000 25125.0000 23632.0000 22801.0000 22576.0000 22513.0000 23541.0000 25342.0000 27111.0000 30544.0000 31672.0000 31385.0000 31385.0000 31429.0000 29671.0000 28745.0000 28617.0000 29368.0000 31694.0000 32348.0000 32646.0000 31568.0000 29674.0000 
27556.0000 24917.0000 23008.0000 21804.0000 20976.0000 21083.0000 21355.0000 21721.0000 22488.0000 23045.0000 25811.0000 27890.0000 28571.0000 28794.0000 29348.0000 28527.0000 27280.0000 27022.0000 27431.0000 30484.0000 31714.0000 32262.0000 31813.0000 30053.0000 
26989.0000 24415.0000 22892.0000 21687.0000 21323.0000 21824.0000 23718.0000 27566.0000 32819.0000 34800.0000 36298.0000 36728.0000 36145.0000 36196.0000 35254.0000 34012.0000 33964.0000 33574.0000 34473.0000 37485.0000 37848.0000 37603.0000 35349.0000 32596.0000 
29728.0000 26550.0000 24908.0000 24150.0000 23640.0000 24103.0000 24821.0000 29062.0000 33748.0000 35452.0000 36889.0000 37038.0000 36598.0000 36283.0000 35121.0000 34586.0000 34249.0000 34394.0000 35432.0000 38068.0000 38279.0000 37957.0000 35734.0000 32783.0000 
29238.0000 26622.0000 25332.0000 24308.0000 23866.0000 24070.0000 25122.0000 28807.0000 33063.0000 34824.0000 36223.0000 36640.0000 36414.0000 36543.0000 35707.0000 34457.0000 34547.0000 34170.0000 35112.0000 37270.0000 37870.0000 37817.0000 35353.0000 32745.0000 
29483.0000 26615.0000 24681.0000 24234.0000 23913.0000 23894.0000 24987.0000 28828.0000 33086.0000 34934.0000 36217.0000 35948.0000 35528.0000 35319.0000 34545.0000 33309.0000 33324.0000 33058.0000 33633.0000 36889.0000 37404.0000 37012.0000 35272.0000 32286.0000 
29305.0000 26614.0000 24743.0000 23807.0000 23521.0000 23845.0000 24907.0000 28762.0000 32964.0000 34951.0000 36351.0000 36299.0000 35811.0000 35343.0000 34326.0000 33227.0000 32836.0000 32720.0000 33240.0000 36032.0000 36391.0000 36129.0000 34379.0000 32061.0000 
29513.0000 27239.0000 24965.0000 23518.0000 23095.0000 22764.0000 22652.0000 23487.0000 25193.0000 27167.0000 30360.0000 31356.0000 31246.0000 30979.0000 30553.0000 29218.0000 27900.0000 27356.0000 28075.0000 30922.0000 31851.0000 32090.0000 31257.0000 29370.0000 
27165.0000 24944.0000 22791.0000 21492.0000 21201.0000 20772.0000 20929.0000 21735.0000 22418.0000 22912.0000 25705.0000 26948.0000 26942.0000 26767.0000 27399.0000 26333.0000 25441.0000 25192.0000 25544.0000 29304.0000 30779.0000 31783.0000 30705.0000 29558.0000 
26428.0000 23663.0000 22510.0000 21286.0000 20936.0000 21171.0000 23083.0000 27547.0000 31694.0000 33389.0000 34768.0000 34943.0000 34783.0000 35048.0000 34244.0000 32978.0000 32661.0000 32654.0000 33052.0000 36308.0000 36751.0000 36362.0000 34226.0000 31392.0000 
28505.0000 26474.0000 24482.0000 23878.0000 23689.0000 23953.0000 24899.0000 28529.0000 32818.0000 34972.0000 36043.0000 36166.0000 36095.0000 36077.0000 35216.0000 34362.0000 34074.0000 34230.0000 35055.0000 37554.0000 38215.0000 37958.0000 35333.0000 32371.0000 
29210.0000 26673.0000 25211.0000 24086.0000 23805.0000 24133.0000 25257.0000 28998.0000 32748.0000 34750.0000 35874.0000 36194.0000 35700.0000 35589.0000 34311.0000 33006.0000 32884.0000 33830.0000 34334.0000 36902.0000 37416.0000 37169.0000 35104.0000 32299.0000 
28875.0000 26335.0000 24873.0000 23846.0000 23654.0000 23771.0000 24867.0000 28572.0000 32953.0000 34673.0000 36076.0000 36073.0000 36001.0000 35819.0000 34787.0000 33661.0000 33441.0000 33821.0000 34035.0000 37065.0000 37941.0000 37264.0000 35378.0000 32580.0000 
29660.0000 26978.0000 25164.0000 24344.0000 24096.0000 24195.0000 25073.0000 28998.0000 32868.0000 34531.0000 35746.0000 35910.0000 35522.0000 35432.0000 34884.0000 33391.0000 33035.0000 32753.0000 32923.0000 35812.0000 36004.0000 35666.0000 34347.0000 31973.0000 
29735.0000 26952.0000 25042.0000 23691.0000 23346.0000 23155.0000 22798.0000 23609.0000 25181.0000 27165.0000 30510.0000 31928.0000 31373.0000 31429.0000 31493.0000 30188.0000 29115.0000 28601.0000 28548.0000 31349.0000 32201.0000 32940.0000 32198.0000 30210.0000 
27989.0000 25528.0000 23350.0000 22177.0000 21441.0000 21062.0000 21457.0000 21929.0000 22666.0000 23283.0000 26518.0000 27863.0000 27981.0000 27825.0000 27979.0000 26768.0000 26107.0000 25822.0000 26319.0000 29725.0000 31719.0000 32520.0000 32047.0000 30331.0000 
27369.0000 24884.0000 23148.0000 22417.0000 22289.0000 22281.0000 24105.0000 28223.0000 32769.0000 35260.0000 37148.0000 37567.0000 37342.0000 37328.0000 36502.0000 35458.0000 35051.0000 34643.0000 34924.0000 37645.0000 38390.0000 37862.0000 35852.0000 33044.0000 
29720.0000 26906.0000 25211.0000 24298.0000 23794.0000 24054.0000 25394.0000 29161.0000 33671.0000 35381.0000 37037.0000 37187.0000 36975.0000 37113.0000 36046.0000 34920.0000 34778.0000 34984.0000 35581.0000 38133.0000 38636.0000 38544.0000 36151.0000 33115.0000 
30013.0000 27376.0000 25462.0000 24416.0000 24055.0000 24240.0000 25386.0000 29315.0000 33226.0000 35534.0000 36551.0000 36940.0000 36284.0000 35953.0000 35273.0000 34029.0000 33642.0000 33660.0000 33736.0000 36590.0000 37313.0000 37145.0000 35062.0000 32414.0000 
29626.0000 26643.0000 24888.0000 24372.0000 23605.0000 23871.0000 25234.0000 28788.0000 32865.0000 34209.0000 35302.0000 35318.0000 35170.0000 35048.0000 33954.0000 32776.0000 32364.0000 32461.0000 32714.0000 36072.0000 36989.0000 36904.0000 34654.0000 32127.0000 
29094.0000 26728.0000 24970.0000 23823.0000 23510.0000 23757.0000 24570.0000 28135.0000 32803.0000 34091.0000 35104.0000 35316.0000 34743.0000 34902.0000 34056.0000 33025.0000 32611.0000 32857.0000 32545.0000 34995.0000 36298.0000 35603.0000 34024.0000 31773.0000 
29479.0000 26902.0000 25054.0000 23633.0000 22834.0000 22617.0000 22580.0000 23590.0000 24936.0000 27085.0000 29743.0000 31306.0000 31692.0000 31372.0000 31468.0000 29767.0000 29030.0000 28541.0000 28682.0000 31199.0000 32424.0000 32504.0000 31728.0000 29957.0000 
27450.0000 24905.0000 23119.0000 21435.0000 20747.0000 20443.0000 20820.0000 21551.0000 22062.0000 22835.0000 25795.0000 27895.0000 28600.0000 29224.0000 29862.0000 28333.0000 27094.0000 26975.0000 27428.0000 30188.0000 31937.0000 32189.0000 31309.0000 29937.0000 
26879.0000 24242.0000 22253.0000 21235.0000 20924.0000 21168.0000 22747.0000 27247.0000 32124.0000 34172.0000 35883.0000 36202.0000 36155.0000 35966.0000 35411.0000 34118.0000 34037.0000 33819.0000 33962.0000 36678.0000 37659.0000 37525.0000 35395.0000 32533.0000 
29544.0000 26810.0000 24987.0000 24244.0000 23923.0000 24060.0000 25234.0000 28847.0000 33625.0000 35769.0000 37275.0000 37867.0000 37882.0000 37554.0000 36606.0000 35654.0000 35468.0000 35511.0000 35640.0000 37402.0000 38307.0000 38190.0000 35449.0000 32699.0000 
29423.0000 27105.0000 25169.0000 24353.0000 24311.0000 24284.0000 25553.0000 29227.0000 33691.0000 35238.0000 36936.0000 36952.0000 36339.0000 36446.0000 35450.0000 34458.0000 34173.0000 34386.0000 34564.0000 36545.0000 37772.0000 37543.0000 35589.0000 32877.0000 
29244.0000 26323.0000 24932.0000 23581.0000 23517.0000 23677.0000 24641.0000 28617.0000 32538.0000 34239.0000 35472.0000 35610.0000 35134.0000 35225.0000 34336.0000 33196.0000 32864.0000 32482.0000 32861.0000 35208.0000 36706.0000 36676.0000 34555.0000 31615.0000 
29011.0000 26539.0000 24430.0000 23740.0000 23212.0000 23317.0000 24573.0000 28401.0000 31848.0000 33356.0000 34277.0000 34234.0000 33836.0000 33788.0000 33016.0000 31683.0000 31498.0000 31459.0000 31764.0000 33945.0000 34979.0000 34799.0000 32867.0000 30737.0000 
28867.0000 26967.0000 24827.0000 23351.0000 22472.0000 22448.0000 22417.0000 23380.0000 24695.0000 26389.0000 29082.0000 30369.0000 30105.0000 30281.0000 30440.0000 28610.0000 27663.0000 27261.0000 27238.0000 29660.0000 31274.0000 31530.0000 30301.0000 28943.0000 
26663.0000 24608.0000 22841.0000 22159.0000 21561.0000 21068.0000 21244.0000 21712.0000 21686.0000 22643.0000 25664.0000 26975.0000 27255.0000 27218.0000 27439.0000 26464.0000 25910.0000 25459.0000 25836.0000 28290.0000 31070.0000 31842.0000 30817.0000 29445.0000 
26319.0000 24344.0000 22884.0000 22038.0000 21731.0000 22057.0000 23499.0000 27757.0000 32254.0000 34352.0000 35395.0000 35574.0000 35381.0000 34982.0000 34108.0000 33032.0000 32920.0000 32958.0000 32957.0000 34924.0000 36387.0000 36077.0000 34076.0000 31277.0000 
28729.0000 26235.0000 24631.0000 23993.0000 23600.0000 23949.0000 24828.0000 28473.0000 31982.0000 34081.0000 35428.0000 35380.0000 35350.0000 35288.0000 34075.0000 32915.0000 32881.0000 33046.0000 33091.0000 35068.0000 37014.0000 36964.0000 34464.0000 31646.0000 
28675.0000 26509.0000 24917.0000 24141.0000 23624.0000 23676.0000 25084.0000 28672.0000 32746.0000 34386.0000 35506.0000 35052.0000 34245.0000 34219.0000 33302.0000 32266.0000 31901.0000 31665.0000 31265.0000 33235.0000 36036.0000 35945.0000 33930.0000 31512.0000 
28663.0000 26016.0000 24643.0000 23531.0000 23423.0000 23650.0000 24719.0000 28302.0000 31939.0000 33617.0000 34790.0000 34550.0000 34097.0000 34405.0000 33383.0000 32465.0000 32438.0000 32052.0000 32574.0000 34434.0000 36401.0000 35875.0000 34014.0000 31297.0000 
28260.0000 26206.0000 24415.0000 23524.0000 23237.0000 23305.0000 24529.0000 28149.0000 31570.0000 33527.0000 34518.0000 34473.0000 34203.0000 34096.0000 33394.0000 32411.0000 31912.0000 31486.0000 31588.0000 33405.0000 34923.0000 35029.0000 33280.0000 31210.0000 
28737.0000 26655.0000 24738.0000 23516.0000 22861.0000 22309.0000 22171.0000 23644.0000 24648.0000 26992.0000 29716.0000 30787.0000 30107.0000 29356.0000 29512.0000 28213.0000 27298.0000 26663.0000 26741.0000 28565.0000 31127.0000 31706.0000 31056.0000 29552.0000 
27574.0000 24757.0000 22875.0000 21544.0000 20947.0000 20942.0000 20954.0000 21619.0000 21351.0000 22965.0000 25508.0000 26885.0000 26668.0000 26614.0000 26666.0000 25585.0000 24849.0000 24166.0000 24729.0000 27089.0000 30428.0000 31750.0000 31189.0000 29558.0000 
26431.0000 24016.0000 22481.0000 21827.0000 21777.0000 21657.0000 23214.0000 27624.0000 31477.0000 33825.0000 34745.0000 35248.0000 35069.0000 34870.0000 34032.0000 32793.0000 32735.0000 32638.0000 32785.0000 34318.0000 36592.0000 36108.0000 34289.0000 31643.0000 
28713.0000 26112.0000 24170.0000 23353.0000 23283.0000 23494.0000 24616.0000 28563.0000 32182.0000 34277.0000 35332.0000 35257.0000 35175.0000 34782.0000 33863.0000 33082.0000 33039.0000 32897.0000 33115.0000 34668.0000 37012.0000 36867.0000 34922.0000 32015.0000 
28949.0000 26147.0000 24603.0000 23713.0000 23538.0000 23586.0000 24612.0000 28915.0000 32208.0000 34055.0000 35187.0000 35043.0000 34662.0000 34508.0000 33295.0000 32385.0000 31840.0000 31840.0000 32103.0000 33720.0000 36623.0000 36171.0000 34301.0000 31667.0000 
28745.0000 26108.0000 24608.0000 24105.0000 23322.0000 23780.0000 24977.0000 28355.0000 31686.0000 34064.0000 35149.0000 35059.0000 34627.0000 34811.0000 34101.0000 33073.0000 32719.0000 32519.0000 32326.0000 33360.0000 36153.0000 35939.0000 34122.0000 31347.0000 
28885.0000 26837.0000 24856.0000 24093.0000 23468.0000 23521.0000 24269.0000 28176.0000 30680.0000 33172.0000 34215.0000 34641.0000 34373.0000 34129.0000 32974.0000 31488.0000 31074.0000 30678.0000 31072.0000 32658.0000 34859.0000 34700.0000 33304.0000 31115.0000 
28908.0000 26700.0000 24981.0000 23964.0000 23220.0000 22930.0000 22988.0000 23724.0000 24582.0000 27129.0000 30320.0000 31701.0000 31751.0000 31630.0000 31672.0000 29994.0000 28768.0000 28437.0000 28684.0000 29786.0000 31848.0000 32058.0000 30836.0000 29244.0000 
27124.0000 24648.0000 22647.0000 21757.0000 21007.0000 21017.0000 20815.0000 21453.0000 21027.0000 22299.0000 24707.0000 26206.0000 26632.0000 26576.0000 26947.0000 25967.0000 25147.0000 24945.0000 24760.0000 26505.0000 30375.0000 31186.0000 30575.0000 28978.0000 
26249.0000 23692.0000 21998.0000 20686.0000 20498.0000 20800.0000 22135.0000 26426.0000 29450.0000 32578.0000 34458.0000 35097.0000 35028.0000 35082.0000 33953.0000 32846.0000 32257.0000 32101.0000 32439.0000 33455.0000 36257.0000 35987.0000 33765.0000 31071.0000 
28220.0000 25915.0000 24314.0000 23684.0000 23055.0000 23447.0000 24283.0000 27915.0000 31072.0000 33730.0000 35629.0000 35410.0000 35141.0000 34924.0000 33957.0000 32904.0000 32558.0000 32501.0000 32715.0000 34081.0000 36995.0000 36750.0000 34212.0000 31600.0000 
28360.0000 26052.0000 24621.0000 23287.0000 23072.0000 23323.0000 24466.0000 28013.0000 31308.0000 32987.0000 34461.0000 34816.0000 34369.0000 34471.0000 33076.0000 31777.0000 31369.0000 30681.0000 30798.0000 31968.0000 35122.0000 34964.0000 33385.0000 30672.0000 
28134.0000 25706.0000 24198.0000 23840.0000 23349.0000 23103.0000 24388.0000 28083.0000 30728.0000 32738.0000 33583.0000 33534.0000 33006.0000 32927.0000 31680.0000 30762.0000 30619.0000 30129.0000 30144.0000 31165.0000 34713.0000 34569.0000 32634.0000 29977.0000 
27568.0000 25402.0000 24025.0000 23267.0000 22871.0000 23150.0000 24358.0000 27737.0000 30714.0000 32424.0000 33565.0000 33687.0000 33283.0000 32863.0000 31766.0000 30799.0000 29940.0000 29567.0000 29395.0000 30575.0000 33456.0000 33310.0000 31634.0000 29604.0000 
27746.0000 25395.0000 23717.0000 23051.0000 22172.0000 22009.0000 21969.0000 22894.0000 23458.0000 26201.0000 28446.0000 28996.0000 28353.0000 28101.0000 27718.0000 26592.0000 25592.0000 25140.0000 25191.0000 25887.0000 29424.0000 30208.0000 29454.0000 27701.0000 
25762.0000 23903.0000 21892.0000 20910.0000 20162.0000 19859.0000 20050.0000 20731.0000 20446.0000 22244.0000 24138.0000 25420.0000 25041.0000 24945.0000 25396.0000 24313.0000 23449.0000 22859.0000 22882.0000 24522.0000 28498.0000 29604.0000 29172.0000 27197.0000 
24668.0000 22450.0000 21082.0000 20629.0000 20505.0000 21268.0000 22351.0000 26363.0000 29684.0000 32047.0000 33004.0000 33001.0000 32884.0000 32802.0000 31844.0000 30396.0000 30067.0000 29825.0000 29903.0000 30776.0000 34619.0000 34700.0000 32576.0000 29643.0000 
27180.0000 24549.0000 23098.0000 22368.0000 22298.0000 22393.0000 23829.0000 27034.0000 30149.0000 32202.0000 33209.0000 33283.0000 33218.0000 33203.0000 31703.0000 30810.0000 30495.0000 30071.0000 30019.0000 30929.0000 34864.0000 35041.0000 32437.0000 29792.0000 
26859.0000 24676.0000 23650.0000 22687.0000 22387.0000 22759.0000 23678.0000 27208.0000 29976.0000 32108.0000 32880.0000 33181.0000 32803.0000 32965.0000 31930.0000 30959.0000 30669.0000 30180.0000 30248.0000 31038.0000 34495.0000 34601.0000 32222.0000 29752.0000 
26745.0000 24469.0000 23205.0000 22350.0000 22225.0000 22319.0000 23563.0000 26798.0000 29728.0000 31714.0000 32699.0000 32954.0000 33030.0000 32868.0000 31871.0000 30952.0000 30436.0000 29980.0000 30061.0000 31215.0000 34726.0000 34659.0000 32436.0000 29915.0000 
27623.0000 25439.0000 23640.0000 22693.0000 22553.0000 22504.0000 23650.0000 27087.0000 30099.0000 32021.0000 33456.0000 33459.0000 33212.0000 33076.0000 32087.0000 30695.0000 30005.0000 29502.0000 29601.0000 30522.0000 33660.0000 33937.0000 32396.0000 30240.0000 
27854.0000 25720.0000 24175.0000 22948.0000 22357.0000 22325.0000 22222.0000 23121.0000 23668.0000 26268.0000 28152.0000 28884.0000 28630.0000 28195.0000 28074.0000 26624.0000 25815.0000 25040.0000 24915.0000 25721.0000 29813.0000 30351.0000 29597.0000 27543.0000 
25411.0000 23178.0000 21796.0000 20680.0000 19995.0000 19790.0000 20024.0000 20382.0000 20584.0000 22195.0000 24150.0000 25038.0000 25034.0000 24853.0000 24877.0000 24036.0000 23014.0000 22686.0000 22160.0000 23496.0000 27933.0000 29301.0000 28745.0000 26735.0000 
24356.0000 22226.0000 21247.0000 20500.0000 20435.0000 20542.0000 22185.0000 25723.0000 28443.0000 30750.0000 31629.0000 31591.0000 31497.0000 31699.0000 30795.0000 29907.0000 29297.0000 28912.0000 28759.0000 28616.0000 32763.0000 32878.0000 30862.0000 28342.0000 
25950.0000 23936.0000 22658.0000 21873.0000 21855.0000 21742.0000 22748.0000 25821.0000 28288.0000 30554.0000 31543.0000 31723.0000 31578.0000 31758.0000 30921.0000 29761.0000 29232.0000 28969.0000 28836.0000 29701.0000 33587.0000 33626.0000 31655.0000 28712.0000 
26003.0000 24259.0000 22681.0000 22223.0000 21556.0000 21665.0000 22503.0000 25163.0000 27262.0000 29292.0000 30313.0000 30697.0000 30595.0000 30704.0000 29777.0000 28591.0000 27946.0000 27470.0000 27567.0000 28018.0000 31773.0000 32054.0000 30149.0000 27952.0000 
25387.0000 23364.0000 22250.0000 21359.0000 21380.0000 21580.0000 22274.0000 25550.0000 27807.0000 30024.0000 30949.0000 31341.0000 31056.0000 31211.0000 30263.0000 29274.0000 28743.0000 28655.0000 28801.0000 29299.0000 32799.0000 32934.0000 30786.0000 28053.0000 
26076.0000 24542.0000 22873.0000 22241.0000 21697.0000 21874.0000 22869.0000 25652.0000 28276.0000 30375.0000 31122.0000 31501.0000 31588.0000 31389.0000 30398.0000 29293.0000 28748.0000 28489.0000 28789.0000 29105.0000 32676.0000 32350.0000 30474.0000 28078.0000 
26240.0000 24776.0000 22891.0000 21912.0000 21013.0000 20885.0000 21112.0000 21733.0000 22370.0000 25006.0000 27559.0000 28548.0000 28450.0000 28000.0000 28177.0000 26459.0000 25276.0000 25101.0000 24824.0000 25439.0000 28852.0000 29593.0000 28663.0000 26383.0000 
24604.0000 23112.0000 21424.0000 20459.0000 20183.0000 19776.0000 19921.0000 19737.0000 20132.0000 21919.0000 23988.0000 25305.0000 25340.0000 25531.0000 26019.0000 24516.0000 23665.0000 23200.0000 23102.0000 23920.0000 28390.0000 29190.0000 28388.0000 26916.0000 
24745.0000 22515.0000 21428.0000 20601.0000 20498.0000 21036.0000 22407.0000 25625.0000 29169.0000 31680.0000 32736.0000 33185.0000 32961.0000 33266.0000 32281.0000 31558.0000 31272.0000 31021.0000 31058.0000 31531.0000 34871.0000 34767.0000 32457.0000 29553.0000 
26859.0000 24899.0000 23756.0000 23021.0000 22652.0000 22884.0000 23565.0000 26934.0000 29910.0000 32209.0000 33319.0000 33470.0000 33331.0000 33647.0000 32512.0000 31615.0000 31271.0000 31369.0000 31547.0000 32035.0000 35007.0000 35405.0000 32933.0000 29701.0000 
27066.0000 25372.0000 24012.0000 23248.0000 22946.0000 22997.0000 24078.0000 27162.0000 30547.0000 33033.0000 34035.0000 34227.0000 34302.0000 34485.0000 33105.0000 31830.0000 31473.0000 31276.0000 31065.0000 31354.0000 34917.0000 35040.0000 32738.0000 30081.0000 
27169.0000 24755.0000 23277.0000 22622.0000 22509.0000 22758.0000 23849.0000 26543.0000 29482.0000 31749.0000 32764.0000 32999.0000 32561.0000 32681.0000 31579.0000 30491.0000 30252.0000 29937.0000 29612.0000 29905.0000 33623.0000 33823.0000 31756.0000 29200.0000 
26570.0000 25066.0000 23552.0000 22953.0000 22565.0000 22529.0000 23679.0000 26540.0000 29630.0000 31815.0000 33359.0000 33523.0000 33282.0000 33469.0000 32546.0000 31439.0000 31064.0000 30497.0000 30864.0000 31121.0000 34282.0000 34276.0000 32592.0000 29973.0000 
28010.0000 25768.0000 24408.0000 23377.0000 22609.0000 22568.0000 22624.0000 22440.0000 23670.0000 26497.0000 29060.0000 30391.0000 30605.0000 30423.0000 30183.0000 28729.0000 27574.0000 26623.0000 26524.0000 27188.0000 30078.0000 31090.0000 30425.0000 28151.0000 
26167.0000 23884.0000 23884.0000 21965.0000 20736.0000 20433.0000 20219.0000 20629.0000 20646.0000 21079.0000 23276.0000 25486.0000 26706.0000 27147.0000 27575.0000 26334.0000 25274.0000 24384.0000 24125.0000 24496.0000 25835.0000 29518.0000 30141.0000 28089.0000 
26007.0000 23507.0000 21971.0000 20865.0000 20978.0000 21268.0000 22572.0000 26156.0000 29837.0000 31549.0000 33022.0000 33428.0000 33271.0000 33365.0000 32263.0000 31089.0000 30575.0000 30200.0000 29911.0000 29676.0000 30320.0000 33624.0000 32621.0000 29485.0000 
27305.0000 25178.0000 23477.0000 22637.0000 22215.0000 22412.0000 23459.0000 26805.0000 29981.0000 31722.0000 32786.0000 33104.0000 33107.0000 33066.0000 31804.0000 30620.0000 30593.0000 30290.0000 30074.0000 30056.0000 30689.0000 34251.0000 32532.0000 29264.0000 
27018.0000 24887.0000 23324.0000 22908.0000 22155.0000 22399.0000 23281.0000 26681.0000 29953.0000 31904.0000 33043.0000 33514.0000 33835.0000 33696.0000 32506.0000 31312.0000 30982.0000 30650.0000 30703.0000 30284.0000 31086.0000 33546.0000 32182.0000 29125.0000 
26678.0000 25027.0000 23491.0000 22809.0000 22446.0000 22642.0000 23519.0000 26767.0000 29788.0000 31759.0000 32958.0000 33280.0000 33277.0000 33447.0000 32160.0000 31383.0000 31069.0000 30998.0000 30694.0000 30350.0000 31067.0000 33882.0000 32643.0000 29820.0000 
27468.0000 25209.0000 23562.0000 22606.0000 22168.0000 22446.0000 23498.0000 26902.0000 30365.0000 32270.0000 33222.0000 33237.0000 33112.0000 32832.0000 31624.0000 30671.0000 29921.0000 29946.0000 29910.0000 29418.0000 29929.0000 32611.0000 31996.0000 29453.0000 
27363.0000 25700.0000 23893.0000 22696.0000 22145.0000 21739.0000 21501.0000 22647.0000 23033.0000 25557.0000 28059.0000 29267.0000 29043.0000 28556.0000 28408.0000 27171.0000 25965.0000 25453.0000 24812.0000 25263.0000 25099.0000 28320.0000 28652.0000 26752.0000 
25223.0000 23414.0000 21620.0000 20648.0000 19943.0000 19763.0000 19520.0000 20361.0000 19882.0000 21564.0000 23642.0000 24944.0000 25003.0000 25258.0000 25244.0000 23932.0000 23219.0000 22762.0000 22367.0000 22777.0000 23459.0000 26971.0000 28061.0000 26272.0000 
24389.0000 22167.0000 21024.0000 20614.0000 20029.0000 20357.0000 21663.0000 25444.0000 27683.0000 29924.0000 30574.0000 31273.0000 31352.0000 31370.0000 30750.0000 29304.0000 29104.0000 29044.0000 28803.0000 28515.0000 28665.0000 31577.0000 30532.0000 27574.0000 
25489.0000 23971.0000 22461.0000 21816.0000 21843.0000 21598.0000 22208.0000 25607.0000 27967.0000 29906.0000 30791.0000 31357.0000 31521.0000 31570.0000 30555.0000 29516.0000 29134.0000 29087.0000 29004.0000 28352.0000 28858.0000 31675.0000 30701.0000 27728.0000 
25434.0000 24536.0000 23076.0000 22535.0000 22081.0000 21880.0000 22705.0000 25770.0000 28286.0000 29906.0000 30862.0000 31435.0000 31371.0000 31548.0000 30842.0000 29549.0000 29099.0000 28919.0000 28849.0000 28502.0000 28829.0000 31455.0000 30383.0000 27901.0000 
25591.0000 23932.0000 22542.0000 22020.0000 21823.0000 21791.0000 22498.0000 25299.0000 27283.0000 29115.0000 30139.0000 30533.0000 30749.0000 30889.0000 30340.0000 29156.0000 29005.0000 28967.0000 28914.0000 28456.0000 28632.0000 31397.0000 30462.0000 27749.0000 
25508.0000 24135.0000 22645.0000 21975.0000 21860.0000 21916.0000 22786.0000 25740.0000 27963.0000 29683.0000 30875.0000 31235.0000 31394.0000 31557.0000 30771.0000 29794.0000 28853.0000 28752.0000 28545.0000 28310.0000 28725.0000 30351.0000 30135.0000 27554.0000 
25511.0000 24388.0000 22885.0000 22175.0000 21564.0000 21309.0000 21016.0000 21975.0000 22277.0000 24861.0000 27166.0000 27848.0000 27941.0000 27703.0000 27700.0000 26287.0000 25040.0000 24304.0000 24236.0000 24578.0000 25071.0000 27359.0000 27785.0000 25965.0000 
24131.0000 22542.0000 20819.0000 20043.0000 19739.0000 19445.0000 19597.0000 19989.0000 19433.0000 20800.0000 23248.0000 24090.0000 23729.0000 24094.0000 24406.0000 23324.0000 22529.0000 22012.0000 21861.0000 22232.0000 22394.0000 25449.0000 26762.0000 25503.0000 
23146.0000 21511.0000 20642.0000 20213.0000 19840.0000 20092.0000 21016.0000 24105.0000 25748.0000 27991.0000 29460.0000 30274.0000 30433.0000 30746.0000 30414.0000 28931.0000 28372.0000 28314.0000 28138.0000 27615.0000 27773.0000 29968.0000 29738.0000 27151.0000 
25087.0000 23497.0000 21973.0000 21449.0000 21350.0000 21145.0000 21833.0000 24533.0000 26049.0000 28196.0000 29785.0000 30326.0000 30942.0000 30851.0000 29958.0000 28724.0000 28253.0000 28088.0000 28207.0000 27876.0000 27825.0000 29709.0000 29774.0000 27001.0000 
25116.0000 23760.0000 22396.0000 21657.0000 21358.0000 21378.0000 21838.0000 24313.0000 25514.0000 27515.0000 29219.0000 29455.0000 29655.0000 29974.0000 29520.0000 28304.0000 28019.0000 27809.0000 27606.0000 27182.0000 27264.0000 29365.0000 28512.0000 26103.0000 
24866.0000 23498.0000 21849.0000 21123.0000 20257.0000 20151.0000 20066.0000 20963.0000 20962.0000 22700.0000 24424.0000 25212.0000 25608.0000 25760.0000 25655.0000 24747.0000 23847.0000 23078.0000 23259.0000 23124.0000 23563.0000 25736.0000 26488.0000 24815.0000 
22795.0000 21526.0000 19997.0000 19348.0000 18922.0000 18609.0000 18721.0000 19097.0000 18442.0000 19929.0000 21637.0000 22515.0000 22788.0000 22687.0000 22892.0000 21895.0000 21143.0000 21031.0000 20783.0000 21159.0000 21468.0000 23424.0000 24749.0000 23483.0000 
22183.0000 20843.0000 19709.0000 19025.0000 18669.0000 18514.0000 18827.0000 19382.0000 19311.0000 21202.0000 23455.0000 24532.0000 24529.0000 24957.0000 25155.0000 24131.0000 23092.0000 22702.0000 22496.0000 22758.0000 23098.0000 25530.0000 26382.0000 24383.0000 
22647.0000 21010.0000 19676.0000 18798.0000 18429.0000 18098.0000 18077.0000 18270.0000 17714.0000 19269.0000 21444.0000 22545.0000 23087.0000 23129.0000 23512.0000 22495.0000 21311.0000 20619.0000 20803.0000 20847.0000 21827.0000 24461.0000 25892.0000 23974.0000 
22082.0000 20287.0000 19247.0000 18254.0000 18232.0000 18054.0000 18590.0000 20355.0000 21465.0000 23432.0000 25331.0000 26291.0000 26589.0000 26702.0000 26675.0000 25061.0000 24622.0000 24394.0000 24040.0000 24819.0000 25249.0000 27592.0000 28085.0000 25264.0000 
23226.0000 21642.0000 20261.0000 19824.0000 19545.0000 19686.0000 20497.0000 23764.0000 26080.0000 28263.0000 29761.0000 30345.0000 30565.0000 30692.0000 29911.0000 28470.0000 28315.0000 28014.0000 28069.0000 27786.0000 28204.0000 29787.0000 30237.0000 27510.0000 
24850.0000 23054.0000 21991.0000 21286.0000 21098.0000 21094.0000 21829.0000 24130.0000 25826.0000 27751.0000 29062.0000 29503.0000 29783.0000 30019.0000 29284.0000 27934.0000 27324.0000 27237.0000 26976.0000 26864.0000 27283.0000 29164.0000 29359.0000 26991.0000 
24811.0000 23408.0000 21804.0000 21289.0000 21167.0000 20951.0000 21874.0000 24819.0000 26602.0000 28790.0000 29915.0000 30576.0000 30699.0000 31108.0000 30249.0000 29016.0000 28911.0000 28596.0000 28407.0000 28348.0000 29049.0000 30665.0000 30980.0000 27996.0000 
25296.0000 23870.0000 22741.0000 22108.0000 21566.0000 21848.0000 22538.0000 25320.0000 27280.0000 29195.0000 30411.0000 30772.0000 30963.0000 31266.0000 30323.0000 28899.0000 28604.0000 28743.0000 28524.0000 28352.0000 28386.0000 30026.0000 30627.0000 28150.0000 
26170.0000 24325.0000 22887.0000 22351.0000 21226.0000 21267.0000 21150.0000 21809.0000 22344.0000 24711.0000 27204.0000 27812.0000 28196.0000 28074.0000 27979.0000 26482.0000 25463.0000 24839.0000 24554.0000 24633.0000 24968.0000 26761.0000 28223.0000 25945.0000 
24475.0000 22631.0000 21113.0000 20483.0000 19728.0000 19587.0000 19494.0000 19688.0000 19283.0000 20806.0000 22608.0000 23589.0000 23926.0000 23980.0000 24304.0000 23586.0000 22592.0000 21856.0000 21840.0000 22365.0000 22958.0000 25374.0000 27518.0000 25540.0000 
23490.0000 21882.0000 20679.0000 20175.0000 19658.0000 19913.0000 20778.0000 23774.0000 26051.0000 28333.0000 29790.0000 30197.0000 30224.0000 30436.0000 29950.0000 28933.0000 28407.0000 28383.0000 28497.0000 28024.0000 28275.0000 29623.0000 30278.0000 27808.0000 
25475.0000 23793.0000 22388.0000 21582.0000 21448.0000 21349.0000 22466.0000 24572.0000 26799.0000 28925.0000 29925.0000 30329.0000 30471.0000 30488.0000 30181.0000 29095.0000 28837.0000 28936.0000 28743.0000 28652.0000 28982.0000 29991.0000 30325.0000 27203.0000 
25298.0000 24123.0000 22670.0000 21980.0000 21794.0000 21838.0000 22365.0000 25037.0000 27354.0000 29278.0000 30385.0000 30665.0000 30986.0000 31259.0000 30536.0000 29353.0000 29193.0000 28623.0000 28694.0000 28174.0000 28324.0000 29078.0000 29416.0000 27048.0000 
24990.0000 23481.0000 22065.0000 21032.0000 20674.0000 20086.0000 19500.0000 19484.0000 19482.0000 21128.0000 22742.0000 23566.0000 23932.0000 24137.0000 24342.0000 23135.0000 22299.0000 21722.0000 21697.0000 21836.0000 22033.0000 24029.0000 26471.0000 24909.0000 
22997.0000 21221.0000 19989.0000 19251.0000 18951.0000 18990.0000 19779.0000 21149.0000 22196.0000 24414.0000 26303.0000 26606.0000 27044.0000 27537.0000 27691.0000 26440.0000 25846.0000 25749.0000 25461.0000 25565.0000 25579.0000 26481.0000 28256.0000 25895.0000 
24221.0000 22559.0000 21456.0000 20511.0000 19937.0000 19966.0000 20270.0000 20505.0000 21327.0000 23397.0000 25253.0000 26353.0000 26413.0000 26334.0000 26428.0000 25086.0000 24268.0000 23728.0000 23693.0000 23775.0000 24059.0000 25192.0000 27216.0000 25454.0000 
23338.0000 22018.0000 20599.0000 19615.0000 19134.0000 18828.0000 18877.0000 18707.0000 18621.0000 20356.0000 22007.0000 23152.0000 23578.0000 23741.0000 24002.0000 22872.0000 22191.0000 21920.0000 21655.0000 21969.0000 22671.0000 24266.0000 26748.0000 24948.0000 
22874.0000 21541.0000 20037.0000 19630.0000 19433.0000 19415.0000 20869.0000 23628.0000 26249.0000 28272.0000 29093.0000 29950.0000 30343.0000 30601.0000 30156.0000 29156.0000 28735.0000 29153.0000 28947.0000 28468.0000 28435.0000 29513.0000 30471.0000 27236.0000 
25454.0000 23801.0000 22293.0000 21891.0000 21514.0000 21483.0000 22485.0000 24716.0000 26845.0000 28881.0000 30057.0000 30329.0000 30679.0000 31121.0000 30331.0000 29335.0000 29127.0000 29263.0000 28933.0000 28762.0000 28948.0000 29951.0000 30489.0000 27400.0000 
24987.0000 24128.0000 22788.0000 22244.0000 21941.0000 21767.0000 22785.0000 25097.0000 26968.0000 29163.0000 30192.0000 30476.0000 31064.0000 31132.0000 30655.0000 29490.0000 29181.0000 29310.0000 29346.0000 28898.0000 28850.0000 30027.0000 30752.0000 27742.0000 
25325.0000 24033.0000 22855.0000 22432.0000 21784.0000 22022.0000 22526.0000 24700.0000 26931.0000 28944.0000 30111.0000 30426.0000 31034.0000 31475.0000 30845.0000 29923.0000 29514.0000 29610.0000 29376.0000 28990.0000 29023.0000 29657.0000 30598.0000 27865.0000 
25648.0000 24120.0000 22869.0000 22360.0000 21908.0000 21813.0000 22819.0000 25023.0000 27280.0000 29293.0000 30276.0000 30623.0000 30850.0000 31610.0000 30855.0000 29891.0000 29382.0000 29412.0000 28971.0000 28987.0000 28693.0000 28744.0000 29560.0000 27545.0000 
25415.0000 24032.0000 22763.0000 22060.0000 21519.0000 21223.0000 21089.0000 20951.0000 21989.0000 24486.0000 26612.0000 27836.0000 27993.0000 27828.0000 28032.0000 26684.0000 25679.0000 25197.0000 25063.0000 25249.0000 25375.0000 26229.0000 27558.0000 26070.0000 
24095.0000 22583.0000 21398.0000 20365.0000 19800.0000 19887.0000 19537.0000 19284.0000 19532.0000 21255.0000 22749.0000 24112.0000 24522.0000 24775.0000 25559.0000 24515.0000 23535.0000 23054.0000 23114.0000 23321.0000 23912.0000 25062.0000 27441.0000 25664.0000 
23908.0000 22449.0000 21195.0000 20638.0000 20515.0000 20367.0000 21669.0000 24043.0000 26304.0000 28451.0000 29733.0000 30642.0000 31003.0000 31265.0000 30745.0000 29923.0000 29635.0000 29678.0000 29819.0000 29404.0000 29600.0000 30102.0000 30810.0000 27907.0000 
25596.0000 24347.0000 23002.0000 22511.0000 22236.0000 22182.0000 22610.0000 24788.0000 27287.0000 29241.0000 30607.0000 30845.0000 31486.0000 31666.0000 30895.0000 29835.0000 29539.0000 29731.0000 29892.0000 29587.0000 29563.0000 30027.0000 30790.0000 27769.0000 
25798.0000 24208.0000 23069.0000 22737.0000 22424.0000 22086.0000 23006.0000 25003.0000 27468.0000 29575.0000 30526.0000 31110.0000 31348.0000 31930.0000 30915.0000 29795.0000 29718.0000 29815.0000 29889.0000 29165.0000 29082.0000 29508.0000 30462.0000 28041.0000 
25939.0000 24575.0000 22958.0000 22563.0000 22209.0000 22065.0000 22569.0000 24040.0000 26214.0000 28401.0000 29372.0000 29593.0000 30234.0000 30726.0000 29832.0000 28807.0000 28632.0000 28882.0000 28781.0000 28477.0000 28643.0000 28944.0000 30217.0000 27449.0000 
25648.0000 24098.0000 22993.0000 22469.0000 21963.0000 21854.0000 22662.0000 24510.0000 27043.0000 28580.0000 29762.0000 30503.0000 30928.0000 31238.0000 30196.0000 29181.0000 28711.0000 28679.0000 28925.0000 28481.0000 28358.0000 28429.0000 29482.0000 27092.0000 
25420.0000 23893.0000 22573.0000 21858.0000 21096.0000 21126.0000 20801.0000 20703.0000 21941.0000 24218.0000 25962.0000 26968.0000 27292.0000 27220.0000 27207.0000 25835.0000 24597.0000 24365.0000 24416.0000 24075.0000 24120.0000 24939.0000 26978.0000 25198.0000 
23607.0000 21830.0000 20453.0000 19916.0000 19238.0000 19073.0000 19289.0000 18431.0000 18786.0000 20532.0000 22347.0000 23338.0000 24036.0000 24111.0000 24579.0000 23401.0000 22748.0000 21979.0000 22265.0000 22256.0000 22956.0000 24200.0000 26826.0000 25321.0000 
23361.0000 21529.0000 20836.0000 20333.0000 19980.0000 20330.0000 21169.0000 23134.0000 26498.0000 28318.0000 29649.0000 30276.0000 30653.0000 31081.0000 30333.0000 29250.0000 29226.0000 29139.0000 29180.0000 29193.0000 29256.0000 29652.0000 30493.0000 27370.0000 
25270.0000 24228.0000 22957.0000 22103.0000 22232.0000 22120.0000 22707.0000 24568.0000 27006.0000 29401.0000 30299.0000 30769.0000 31201.0000 31482.0000 30682.0000 29472.0000 29091.0000 29268.0000 29123.0000 28773.0000 28995.0000 29578.0000 30245.0000 27616.0000 
25357.0000 23897.0000 23078.0000 22487.0000 22213.0000 22410.0000 22817.0000 24863.0000 27372.0000 29295.0000 30624.0000 31240.0000 31424.0000 31494.0000 30867.0000 30055.0000 29193.0000 29453.0000 29320.0000 28889.0000 29107.0000 29921.0000 30387.0000 27708.0000 
25364.0000 24054.0000 23112.0000 22340.0000 21975.0000 22034.0000 22824.0000 24525.0000 27177.0000 29267.0000 30481.0000 30765.0000 31199.0000 31451.0000 30519.0000 28964.0000 29001.0000 28984.0000 29004.0000 28687.0000 28903.0000 29219.0000 30473.0000 27648.0000 
25515.0000 24299.0000 22896.0000 22229.0000 21937.0000 22007.0000 22723.0000 24774.0000 27500.0000 29425.0000 30298.0000 30897.0000 31193.0000 31657.0000 30367.0000 29284.0000 28677.0000 28669.0000 28515.0000 28060.0000 27975.0000 28199.0000 29457.0000 27371.0000 
25379.0000 24159.0000 22702.0000 21969.0000 21151.0000 21068.0000 21039.0000 21086.0000 21945.0000 24334.0000 26327.0000 27791.0000 27874.0000 27858.0000 27731.0000 26296.0000 25127.0000 24413.0000 24299.0000 24449.0000 24975.0000 25616.0000 26815.0000 25120.0000 
24057.0000 22709.0000 20944.0000 20155.0000 19577.0000 19223.0000 19230.0000 18576.0000 19371.0000 20527.0000 22284.0000 23136.0000 23784.0000 24035.0000 24288.0000 23284.0000 22218.0000 21518.0000 21461.0000 21855.0000 22769.0000 23985.0000 26555.0000 25806.0000 
23643.0000 21681.0000 20648.0000 20057.0000 19810.0000 20115.0000 21183.0000 23233.0000 26155.0000 28528.0000 29936.0000 30562.0000 30894.0000 31229.0000 30386.0000 29362.0000 28659.0000 29056.0000 28769.0000 28654.0000 28423.0000 28969.0000 30060.0000 27631.0000 
24984.0000 24058.0000 23131.0000 22158.0000 21941.0000 21626.0000 22694.0000 24225.0000 26753.0000 28876.0000 30243.0000 30738.0000 30507.0000 31362.0000 30516.0000 29372.0000 29243.0000 29121.0000 28866.0000 28728.0000 29125.0000 29283.0000 30197.0000 27692.0000 
25372.0000 24208.0000 22904.0000 22453.0000 21939.0000 22164.0000 22916.0000 24714.0000 27439.0000 29537.0000 30766.0000 31061.0000 31701.0000 31854.0000 31109.0000 30104.0000 29759.0000 29506.0000 29297.0000 29118.0000 29322.0000 29451.0000 30258.0000 27667.0000 
25650.0000 24119.0000 22894.0000 22262.0000 21871.0000 22194.0000 22607.0000 24215.0000 27079.0000 29122.0000 30314.0000 30876.0000 31185.0000 31428.0000 30654.0000 29730.0000 29558.0000 29310.0000 29417.0000 29336.0000 29199.0000 29737.0000 30696.0000 28071.0000 
25852.0000 24411.0000 22892.0000 22183.0000 22196.0000 22112.0000 22531.0000 24176.0000 26689.0000 28675.0000 30013.0000 30696.0000 30894.0000 31347.0000 30337.0000 29394.0000 28781.0000 28593.0000 28639.0000 28477.0000 28149.0000 28308.0000 29273.0000 27362.0000 
24918.0000 23965.0000 22460.0000 21481.0000 21157.0000 20977.0000 20726.0000 20482.0000 21958.0000 24306.0000 26434.0000 27369.0000 27350.0000 27751.0000 27595.0000 26186.0000 24865.0000 24385.0000 24374.0000 24375.0000 24681.0000 25326.0000 27121.0000 25435.0000 
23732.0000 22570.0000 20953.0000 19946.0000 19494.0000 19350.0000 18823.0000 18297.0000 18912.0000 20335.0000 22342.0000 23745.0000 24021.0000 24393.0000 24817.0000 23786.0000 22894.0000 22102.0000 22075.0000 22443.0000 22899.0000 24181.0000 26631.0000 25530.0000 
23234.0000 21729.0000 20429.0000 20022.0000 19872.0000 19975.0000 20995.0000 23114.0000 26103.0000 28415.0000 29300.0000 29964.0000 30615.0000 30852.0000 30464.0000 29093.0000 28876.0000 29066.0000 29053.0000 28902.0000 28752.0000 29400.0000 30013.0000 27858.0000 
25549.0000 24287.0000 22767.0000 22393.0000 21897.0000 21588.0000 22709.0000 24141.0000 26910.0000 28856.0000 30182.0000 30750.0000 31385.0000 31453.0000 30825.0000 29731.0000 29620.0000 29878.0000 29735.0000 29375.0000 29543.0000 29729.0000 30433.0000 28225.0000 
25726.0000 24447.0000 22992.0000 22583.0000 22155.0000 22206.0000 23040.0000 24609.0000 27033.0000 28989.0000 30259.0000 30789.0000 31314.0000 31868.0000 31155.0000 30352.0000 30183.0000 30314.0000 30050.0000 29639.0000 29431.0000 29460.0000 30297.0000 28141.0000 
25694.0000 24481.0000 23162.0000 22374.0000 22404.0000 22510.0000 23250.0000 24479.0000 26992.0000 28793.0000 30442.0000 30762.0000 31440.0000 31677.0000 31062.0000 30043.0000 29841.0000 29890.0000 30315.0000 29888.0000 29485.0000 29829.0000 30570.0000 28213.0000 
26012.0000 24895.0000 23443.0000 22841.0000 22523.0000 22536.0000 23274.0000 25199.0000 27661.0000 29655.0000 30986.0000 31412.0000 32115.0000 32934.0000 32320.0000 30968.0000 30641.0000 30304.0000 30203.0000 29671.0000 29375.0000 29346.0000 29821.0000 28357.0000 
26255.0000 25096.0000 23435.0000 22585.0000 22290.0000 21854.0000 21499.0000 21457.0000 22742.0000 25022.0000 27267.0000 28253.0000 28525.0000 28948.0000 28766.0000 26850.0000 26444.0000 25431.0000 25507.0000 25578.0000 25571.0000 25839.0000 27804.0000 26456.0000 
24560.0000 23092.0000 21746.0000 20896.0000 20566.0000 20214.0000 20175.0000 19149.0000 19726.0000 21060.0000 23074.0000 24442.0000 24490.0000 25023.0000 25525.0000 24601.0000 23737.0000 23196.0000 23347.0000 23249.0000 24037.0000 24805.0000 27302.0000 26541.0000 
24443.0000 22678.0000 21513.0000 21020.0000 20695.0000 20769.0000 21866.0000 23073.0000 25597.0000 28036.0000 29489.0000 30370.0000 30935.0000 31023.0000 31073.0000 29991.0000 29626.0000 30056.0000 29600.0000 29753.0000 29321.0000 29450.0000 29849.0000 28087.0000 
25906.0000 24819.0000 23346.0000 22698.0000 22350.0000 22238.0000 22914.0000 24226.0000 27228.0000 29307.0000 30725.0000 31602.0000 32316.0000 32629.0000 32416.0000 30880.0000 30951.0000 30966.0000 31201.0000 30730.0000 30176.0000 30161.0000 30548.0000 27980.0000 
25970.0000 24816.0000 23688.0000 22913.0000 22956.0000 22799.0000 23632.0000 25010.0000 27730.0000 30021.0000 31495.0000 32297.0000 32700.0000 33261.0000 32729.0000 31703.0000 31715.0000 31997.0000 31825.0000 31013.0000 30820.0000 30797.0000 30635.0000 28712.0000 
26595.0000 25158.0000 23837.0000 23127.0000 23143.0000 23243.0000 23630.0000 25270.0000 28031.0000 30257.0000 32029.0000 32628.0000 33444.0000 33935.0000 33585.0000 32399.0000 32288.0000 32548.0000 32545.0000 32006.0000 31620.0000 31230.0000 31637.0000 30038.0000 
27038.0000 25790.0000 24498.0000 23876.0000 23130.0000 23037.0000 23540.0000 24825.0000 28135.0000 30363.0000 32086.0000 33663.0000 34298.0000 34839.0000 34463.0000 33302.0000 33178.0000 33034.0000 33014.0000 32642.0000 31686.0000 31044.0000 31172.0000 29534.0000 
27583.0000 26137.0000 24729.0000 23501.0000 22856.0000 22739.0000 22437.0000 21810.0000 23264.0000 25282.0000 27837.0000 29371.0000 29930.0000 30549.0000 30528.0000 29502.0000 28577.0000 28153.0000 28178.0000 28004.0000 28097.0000 27839.0000 28343.0000 27636.0000 
25944.0000 24753.0000 22756.0000 21807.0000 21133.0000 21052.0000 20685.0000 19628.0000 20372.0000 21619.0000 23563.0000 24840.0000 25432.0000 25902.0000 26402.0000 25628.0000 25072.0000 24432.0000 24473.0000 24712.0000 25118.0000 25627.0000 27647.0000 27187.0000 
25090.0000 23372.0000 22226.0000 21717.0000 21282.0000 21325.0000 22468.0000 24210.0000 27194.0000 29612.0000 31205.0000 31710.0000 32433.0000 32725.0000 32375.0000 31099.0000 30909.0000 30931.0000 31026.0000 30511.0000 30186.0000 30287.0000 30562.0000 28506.0000 
26583.0000 25711.0000 24247.0000 23547.0000 23313.0000 23798.0000 24257.0000 25522.0000 27938.0000 30066.0000 31509.0000 31912.0000 32842.0000 32998.0000 32164.0000 31007.0000 30744.0000 30972.0000 31096.0000 30298.0000 30389.0000 30587.0000 30445.0000 28849.0000 
26619.0000 25777.0000 24227.0000 23552.0000 23364.0000 23278.0000 23984.0000 25395.0000 28194.0000 30192.0000 31618.0000 31800.0000 32161.0000 32860.0000 32153.0000 31063.0000 30892.0000 30887.0000 30909.0000 30705.0000 30502.0000 30376.0000 30381.0000 28657.0000 
26495.0000 26038.0000 24095.0000 23749.0000 23509.0000 23357.0000 23961.0000 24797.0000 26697.0000 28407.0000 30301.0000 30797.0000 31338.0000 31779.0000 31506.0000 30009.0000 29841.0000 29735.0000 29941.0000 29486.0000 29460.0000 29452.0000 29937.0000 28659.0000 
26353.0000 25453.0000 24391.0000 23638.0000 23316.0000 23118.0000 23724.0000 25257.0000 27529.0000 29810.0000 31206.0000 32210.0000 32396.0000 32760.0000 32254.0000 31056.0000 30466.0000 30508.0000 30520.0000 29985.0000 29999.0000 29461.0000 29487.0000 28206.0000 
26366.0000 25538.0000 24164.0000 23391.0000 22633.0000 22391.0000 22091.0000 21875.0000 22782.0000 25172.0000 27511.0000 28412.0000 29210.0000 29398.0000 29450.0000 28150.0000 26797.0000 26304.0000 26629.0000 26627.0000 26520.0000 26711.0000 27729.0000 26729.0000 
25134.0000 23656.0000 22097.0000 21049.0000 20917.0000 20697.0000 20350.0000 19729.0000 20114.0000 21689.0000 23346.0000 24805.0000 25173.0000 25593.0000 26360.0000 25305.0000 24477.0000 24027.0000 24022.0000 24086.0000 24621.0000 25193.0000 27247.0000 26717.0000 
24961.0000 23390.0000 22042.0000 21464.0000 20959.0000 21408.0000 22269.0000 23592.0000 26008.0000 28490.0000 30234.0000 31443.0000 31876.0000 32013.0000 32052.0000 30404.0000 29821.0000 29862.0000 30257.0000 29970.0000 29293.0000 28957.0000 29494.0000 27874.0000 
25658.0000 24903.0000 23831.0000 22890.0000 21955.0000 22161.0000 22927.0000 23656.0000 25276.0000 26959.0000 28545.0000 29060.0000 29048.0000 29676.0000 29632.0000 28199.0000 27441.0000 27250.0000 27362.0000 27355.0000 27388.0000 27512.0000 28382.0000 26941.0000 
25278.0000 24091.0000 22990.0000 22419.0000 22090.0000 21939.0000 22724.0000 24337.0000 26519.0000 29099.0000 30742.0000 31296.0000 31413.0000 32047.0000 31595.0000 30389.0000 29801.0000 29797.0000 29957.0000 29708.0000 29514.0000 29523.0000 29879.0000 28057.0000 
26153.0000 25237.0000 23736.0000 22865.0000 22603.0000 22379.0000 23432.0000 24768.0000 27074.0000 29356.0000 31222.0000 31863.0000 32244.0000 32832.0000 32209.0000 30881.0000 30491.0000 30824.0000 30986.0000 30374.0000 29886.0000 29906.0000 30185.0000 28744.0000 
26479.0000 25263.0000 24104.0000 23502.0000 23070.0000 23155.0000 23875.0000 25281.0000 27512.0000 29769.0000 31725.0000 32390.0000 32731.0000 33295.0000 32803.0000 31246.0000 30811.0000 30832.0000 30839.0000 30350.0000 30028.0000 29808.0000 29988.0000 28631.0000 
26536.0000 26052.0000 24337.0000 23704.0000 22793.0000 22483.0000 22204.0000 21952.0000 23172.0000 25468.0000 27726.0000 29028.0000 29608.0000 29968.0000 29721.0000 28566.0000 27662.0000 27257.0000 27020.0000 27271.0000 27216.0000 27038.0000 28436.0000 27408.0000 
25520.0000 23903.0000 22466.0000 21553.0000 21096.0000 20571.0000 20356.0000 19614.0000 19827.0000 21311.0000 23072.0000 24214.0000 24714.0000 25521.0000 25885.0000 24979.0000 24339.0000 23897.0000 23711.0000 23997.0000 24643.0000 24971.0000 27000.0000 26879.0000 
24865.0000 23413.0000 21950.0000 21186.0000 21098.0000 21012.0000 21966.0000 23540.0000 26125.0000 28605.0000 30696.0000 31306.0000 31803.0000 32095.0000 31858.0000 30583.0000 30322.0000 30592.0000 30632.0000 30141.0000 29961.0000 29854.0000 30611.0000 29292.0000 
26925.0000 26210.0000 24583.0000 23964.0000 23525.0000 23464.0000 23850.0000 25421.0000 27870.0000 30100.0000 31815.0000 32413.0000 32749.0000 33146.0000 32673.0000 31416.0000 31035.0000 31274.0000 31203.0000 30533.0000 30320.0000 30196.0000 30702.0000 29127.0000 
26878.0000 25847.0000 24641.0000 24031.0000 23376.0000 23598.0000 24001.0000 25324.0000 27798.0000 30286.0000 32021.0000 32483.0000 32807.0000 32882.0000 32376.0000 30924.0000 30397.0000 30393.0000 30503.0000 30057.0000 30092.0000 29613.0000 30223.0000 28694.0000 
26303.0000 25557.0000 24159.0000 23582.0000 23228.0000 23151.0000 23823.0000 25170.0000 27037.0000 29689.0000 30922.0000 31797.0000 32126.0000 32447.0000 31724.0000 30112.0000 29785.0000 29819.0000 30224.0000 29772.0000 29741.0000 29746.0000 29929.0000 28326.0000 
26247.0000 25164.0000 23909.0000 23116.0000 22876.0000 22566.0000 23514.0000 24495.0000 26642.0000 29225.0000 30819.0000 31541.0000 31974.0000 32317.0000 31791.0000 30512.0000 29973.0000 30013.0000 30127.0000 30067.0000 29474.0000 29313.0000 29705.0000 28795.0000 
26593.0000 25851.0000 24091.0000 23159.0000 22395.0000 22224.0000 21890.0000 21674.0000 22679.0000 24980.0000 27219.0000 28537.0000 29067.0000 29416.0000 29468.0000 28227.0000 27282.0000 26730.0000 26942.0000 26774.0000 26958.0000 27218.0000 27978.0000 27259.0000 
25325.0000 23802.0000 22393.0000 21534.0000 21007.0000 20692.0000 20281.0000 19670.0000 20309.0000 21504.0000 23317.0000 24836.0000 25221.0000 25801.0000 26387.0000 25815.0000 24875.0000 24378.0000 24431.0000 24325.0000 24678.0000 25754.0000 27534.0000 26767.0000 
24863.0000 23181.0000 22275.0000 21591.0000 21133.0000 21138.0000 22364.0000 24182.0000 26554.0000 29215.0000 30715.0000 31456.0000 31604.0000 32077.0000 31456.0000 30418.0000 29953.0000 29992.0000 30250.0000 29943.0000 29485.0000 29089.0000 29814.0000 28537.0000 
26543.0000 25255.0000 23812.0000 23358.0000 22972.0000 22886.0000 23790.0000 25081.0000 27343.0000 29451.0000 31140.0000 31915.0000 32189.0000 32630.0000 32121.0000 31008.0000 30635.0000 30826.0000 31012.0000 30617.0000 30520.0000 30183.0000 30929.0000 29502.0000 
27274.0000 25741.0000 24425.0000 23886.0000 23544.0000 23682.0000 24382.0000 25602.0000 27516.0000 29772.0000 31370.0000 32174.0000 32808.0000 33041.0000 32536.0000 31479.0000 31252.0000 31350.0000 31351.0000 31063.0000 30526.0000 30097.0000 30951.0000 29438.0000 
27333.0000 26193.0000 24521.0000 24126.0000 23774.0000 23496.0000 24293.0000 25233.0000 26993.0000 29626.0000 31424.0000 31923.0000 32189.0000 32883.0000 32553.0000 31490.0000 31368.0000 31173.0000 31487.0000 30997.0000 30778.0000 30531.0000 31022.0000 29671.0000 
27381.0000 26702.0000 25125.0000 24086.0000 23911.0000 23928.0000 24308.0000 25902.0000 27487.0000 30075.0000 31648.0000 32457.0000 32723.0000 33175.0000 32571.0000 31490.0000 30896.0000 30836.0000 31110.0000 30669.0000 30323.0000 29749.0000 30001.0000 28706.0000 
26711.0000 26159.0000 24244.0000 23293.0000 22727.0000 22812.0000 22590.0000 22099.0000 23111.0000 24686.0000 26886.0000 27883.0000 28423.0000 28604.0000 28431.0000 27214.0000 26481.0000 25823.0000 25851.0000 26010.0000 26284.0000 26681.0000 28037.0000 27178.0000 
25375.0000 23993.0000 22547.0000 21340.0000 20918.0000 20648.0000 20539.0000 19806.0000 20135.0000 21256.0000 22526.0000 23894.0000 24629.0000 24811.0000 25173.0000 24913.0000 24230.0000 23632.0000 23724.0000 23925.0000 24709.0000 25869.0000 28155.0000 27692.0000 
25701.0000 24129.0000 22616.0000 21913.0000 21419.0000 21633.0000 22596.0000 24578.0000 27142.0000 29962.0000 31923.0000 33028.0000 33623.0000 34278.0000 33856.0000 32937.0000 32715.0000 32657.0000 32589.0000 32038.0000 31704.0000 31362.0000 31727.0000 30180.0000 
28105.0000 26589.0000 25011.0000 24100.0000 23783.0000 23899.0000 24553.0000 25935.0000 28214.0000 31192.0000 33151.0000 34015.0000 34848.0000 35308.0000 35031.0000 34196.0000 33694.0000 33886.0000 34075.0000 33230.0000 32846.0000 32180.0000 32525.0000 31138.0000 
28776.0000 27049.0000 25544.0000 24570.0000 24200.0000 24230.0000 24912.0000 26479.0000 28551.0000 31164.0000 33563.0000 34527.0000 35494.0000 36271.0000 35866.0000 34715.0000 34500.0000 34561.0000 34392.0000 34036.0000 33418.0000 32697.0000 32898.0000 31385.0000 
29137.0000 27830.0000 26153.0000 25217.0000 24533.0000 24223.0000 24970.0000 26744.0000 28544.0000 31598.0000 33997.0000 35126.0000 35760.0000 36697.0000 36554.0000 35629.0000 35266.0000 35492.0000 35186.0000 34737.0000 34138.0000 33399.0000 33477.0000 32165.0000 
29661.0000 28024.0000 26486.0000 25298.0000 24901.0000 24819.0000 25198.0000 26827.0000 28749.0000 31628.0000 33959.0000 34949.0000 35608.0000 36235.0000 35690.0000 34791.0000 34219.0000 34019.0000 33916.0000 33375.0000 32665.0000 31842.0000 32182.0000 30082.0000 
28233.0000 27007.0000 25418.0000 24188.0000 23592.0000 23141.0000 22917.0000 23076.0000 23673.0000 25511.0000 28017.0000 29493.0000 30125.0000 30107.0000 30174.0000 29054.0000 27986.0000 27527.0000 27318.0000 27530.0000 27320.0000 27519.0000 28888.0000 27466.0000 
25756.0000 24346.0000 22802.0000 21917.0000 21325.0000 20957.0000 20818.0000 20395.0000 20479.0000 21565.0000 23025.0000 24450.0000 24976.0000 25332.0000 26012.0000 25567.0000 24989.0000 24468.0000 24392.0000 24693.0000 24986.0000 25663.0000 27886.0000 27649.0000 
25528.0000 23821.0000 22668.0000 21889.0000 21719.0000 21652.0000 22618.0000 24695.0000 26810.0000 29507.0000 31601.0000 32536.0000 32804.0000 33630.0000 33636.0000 32400.0000 32105.0000 32210.0000 32092.0000 31656.0000 31372.0000 30914.0000 31620.0000 29997.0000 
27717.0000 26311.0000 24828.0000 23875.0000 23795.0000 23290.0000 24130.0000 25794.0000 27436.0000 30281.0000 32307.0000 33028.0000 33778.0000 34396.0000 34087.0000 32967.0000 32847.0000 32793.0000 32953.0000 32447.0000 32205.0000 31616.0000 32096.0000 30494.0000 
28285.0000 26795.0000 25191.0000 24345.0000 23867.0000 23797.0000 24358.0000 25696.0000 27715.0000 30661.0000 32957.0000 34003.0000 34409.0000 35565.0000 35151.0000 34122.0000 33708.0000 34066.0000 33954.0000 33403.0000 32944.0000 32088.0000 32795.0000 30807.0000 
28661.0000 27220.0000 25659.0000 24652.0000 23860.0000 24018.0000 24660.0000 26172.0000 28033.0000 30878.0000 32932.0000 34069.0000 34869.0000 35451.0000 35245.0000 34140.0000 33873.0000 33929.0000 33767.0000 33111.0000 32734.0000 32317.0000 32570.0000 30817.0000 
28355.0000 27092.0000 25299.0000 24608.0000 23911.0000 23826.0000 24570.0000 25766.0000 27359.0000 29870.0000 31868.0000 32643.0000 33079.0000 33942.0000 33920.0000 32628.0000 32180.0000 31912.0000 31951.0000 31529.0000 31009.0000 30351.0000 31228.0000 29538.0000 
27473.0000 26786.0000 25013.0000 23901.0000 23223.0000 22762.0000 22919.0000 22797.0000 23542.0000 25568.0000 27645.0000 29362.0000 29882.0000 30447.0000 30478.0000 29689.0000 28749.0000 28330.0000 28288.0000 28443.0000 28344.0000 28422.0000 29502.0000 28332.0000 
26305.0000 24859.0000 23409.0000 22496.0000 21772.0000 21369.0000 21098.0000 20728.0000 20588.0000 21883.0000 23648.0000 24862.0000 25560.0000 26230.0000 27341.0000 26841.0000 26160.0000 25662.0000 25884.0000 26049.0000 26191.0000 26715.0000 28906.0000 28415.0000 
26487.0000 24590.0000 23182.0000 22452.0000 21915.0000 21967.0000 23094.0000 25204.0000 27192.0000 30150.0000 32376.0000 33419.0000 33895.0000 34734.0000 34652.0000 33458.0000 33131.0000 33234.0000 33076.0000 32418.0000 31734.0000 31261.0000 32003.0000 29684.0000 
27463.0000 26127.0000 24507.0000 23838.0000 23365.0000 23325.0000 24116.0000 25499.0000 27158.0000 29774.0000 31986.0000 32756.0000 33168.0000 33850.0000 33121.0000 31984.0000 31451.0000 31542.0000 31464.0000 30978.0000 30718.0000 30314.0000 31001.0000 29081.0000 
26910.0000 25693.0000 24228.0000 23365.0000 23071.0000 22843.0000 23713.0000 25147.0000 26720.0000 29455.0000 31328.0000 32334.0000 32811.0000 33560.0000 33186.0000 32115.0000 31946.0000 31890.0000 31763.0000 31324.0000 30892.0000 30255.0000 31289.0000 29227.0000 
27005.0000 25822.0000 24222.0000 23235.0000 22759.0000 22727.0000 23254.0000 24662.0000 26356.0000 28994.0000 31065.0000 32065.0000 32676.0000 33524.0000 33053.0000 32097.0000 31598.0000 31754.0000 31804.0000 31329.0000 31027.0000 30589.0000 31358.0000 29280.0000 
27057.0000 25755.0000 24213.0000 23362.0000 22840.0000 22560.0000 23390.0000 25176.0000 26863.0000 29657.0000 31702.0000 32634.0000 33446.0000 33841.0000 33486.0000 32348.0000 31393.0000 31103.0000 31365.0000 30865.0000 30423.0000 29744.0000 30708.0000 28730.0000 
27043.0000 25324.0000 23913.0000 22933.0000 22209.0000 21969.0000 21984.0000 21978.0000 22540.0000 24365.0000 26559.0000 27806.0000 28145.0000 28387.0000 28687.0000 27531.0000 26458.0000 25916.0000 25875.0000 26013.0000 26114.0000 26651.0000 28093.0000 26572.0000 
24775.0000 23185.0000 22140.0000 21019.0000 20404.0000 20274.0000 20316.0000 20073.0000 19688.0000 21121.0000 22875.0000 24193.0000 24436.0000 25024.0000 25666.0000 25134.0000 24296.0000 23825.0000 23957.0000 24189.0000 24885.0000 25390.0000 27676.0000 26817.0000 
24838.0000 23092.0000 21949.0000 21140.0000 21079.0000 20667.0000 21473.0000 23543.0000 25119.0000 28255.0000 30220.0000 31511.0000 31917.0000 32353.0000 32562.0000 31346.0000 30905.0000 31065.0000 31005.0000 30629.0000 30041.0000 30156.0000 31090.0000 28845.0000 
26493.0000 24849.0000 23426.0000 22596.0000 22103.0000 21826.0000 22778.0000 24232.0000 25851.0000 28466.0000 30538.0000 31780.0000 32455.0000 33109.0000 32805.0000 31593.0000 30905.0000 31048.0000 31217.0000 30859.0000 30543.0000 30154.0000 31397.0000 29359.0000 
27071.0000 25260.0000 23580.0000 22812.0000 22509.0000 22306.0000 22815.0000 24426.0000 26014.0000 28706.0000 30805.0000 32120.0000 32655.0000 33794.0000 33708.0000 32383.0000 31893.0000 31624.0000 31764.0000 31248.0000 31051.0000 30634.0000 31966.0000 29633.0000 
27430.0000 25704.0000 24039.0000 23247.0000 22793.0000 22923.0000 23374.0000 24898.0000 26510.0000 29213.0000 31386.0000 32266.0000 33256.0000 34054.0000 34076.0000 32770.0000 32460.0000 32358.0000 32539.0000 31838.0000 31135.0000 30749.0000 32148.0000 29833.0000 
27668.0000 25746.0000 24149.0000 23067.0000 22707.0000 22675.0000 23286.0000 24860.0000 26371.0000 29203.0000 31379.0000 32744.0000 33412.0000 34312.0000 34353.0000 33061.0000 32477.0000 32248.0000 31826.0000 31419.0000 30952.0000 30441.0000 31444.0000 29147.0000 
27185.0000 25547.0000 24271.0000 23241.0000 22507.0000 22377.0000 22210.0000 22612.0000 22542.0000 24562.0000 26740.0000 28157.0000 28767.0000 29536.0000 29752.0000 29111.0000 28423.0000 28032.0000 27815.0000 27813.0000 27840.0000 28034.0000 29433.0000 27568.0000 
25885.0000 24279.0000 22909.0000 21852.0000 21089.0000 20908.0000 20832.0000 20610.0000 20225.0000 21566.0000 22963.0000 24158.0000 24881.0000 25851.0000 26659.0000 26391.0000 25897.0000 25275.0000 25096.0000 25417.0000 25663.0000 26296.0000 28933.0000 27549.0000 
25669.0000 24060.0000 22431.0000 21497.0000 21114.0000 21103.0000 22017.0000 23592.0000 24994.0000 27781.0000 29955.0000 31291.0000 32189.0000 32727.0000 33235.0000 31996.0000 31698.0000 31499.0000 31356.0000 30753.0000 30228.0000 30027.0000 31593.0000 29421.0000 
27133.0000 25456.0000 23535.0000 22817.0000 22133.0000 22176.0000 22726.0000 24307.0000 25552.0000 28056.0000 30218.0000 31180.0000 32139.0000 32903.0000 32835.0000 31856.0000 31357.0000 31334.0000 31353.0000 30887.0000 30751.0000 30423.0000 31906.0000 29438.0000 
27173.0000 25607.0000 24197.0000 23403.0000 22659.0000 22373.0000 23112.0000 24665.0000 25816.0000 28233.0000 30225.0000 31069.0000 31823.0000 32347.0000 32316.0000 31194.0000 30386.0000 30439.0000 30192.0000 29874.0000 29532.0000 29532.0000 30630.0000 28530.0000 
26362.0000 25060.0000 23354.0000 22532.0000 22075.0000 22113.0000 22500.0000 23438.0000 24577.0000 26702.0000 28517.0000 29536.0000 29977.0000 30413.0000 30413.0000 29456.0000 29067.0000 28953.0000 29089.0000 28814.0000 28649.0000 28934.0000 29945.0000 27688.0000 
25868.0000 24190.0000 22747.0000 21822.0000 21140.0000 20830.0000 20543.0000 20878.0000 20637.0000 21925.0000 23747.0000 24639.0000 25192.0000 25577.0000 26031.0000 25924.0000 25099.0000 24623.0000 24557.0000 24839.0000 25007.0000 25785.0000 27795.0000 26370.0000 
24972.0000 23499.0000 22058.0000 21208.0000 20856.0000 20378.0000 20494.0000 21144.0000 20644.0000 22950.0000 24567.0000 26007.0000 26034.0000 26655.0000 26953.0000 26351.0000 25536.0000 25152.0000 25167.0000 25062.0000 25103.0000 25726.0000 27643.0000 25811.0000 
24404.0000 22936.0000 21530.0000 20681.0000 20092.0000 19635.0000 19798.0000 19951.0000 19194.0000 20291.0000 21928.0000 23183.0000 23727.0000 24359.0000 24903.0000 24572.0000 23771.0000 23519.0000 23647.0000 23700.0000 24225.0000 25479.0000 27696.0000 26420.0000 
24419.0000 22895.0000 21595.0000 20590.0000 20378.0000 20306.0000 21281.0000 23193.0000 24637.0000 27105.0000 29030.0000 30188.0000 31127.0000 31873.0000 32132.0000 31098.0000 30470.0000 30309.0000 30182.0000 30221.0000 29694.0000 30398.0000 31124.0000 28466.0000 
26472.0000 24831.0000 23322.0000 22542.0000 21988.0000 21867.0000 22491.0000 24085.0000 25220.0000 27291.0000 29623.0000 30455.0000 31162.0000 32095.0000 32201.0000 31008.0000 30298.0000 30017.0000 30206.0000 29528.0000 29406.0000 29738.0000 31076.0000 28510.0000 
26378.0000 25095.0000 23139.0000 22666.0000 22072.0000 22062.0000 22515.0000 24265.0000 25257.0000 27470.0000 29711.0000 30511.0000 31306.0000 31832.0000 31539.0000 30501.0000 29684.0000 29937.0000 30031.0000 29651.0000 29181.0000 29730.0000 30754.0000 28164.0000 
25880.0000 24606.0000 22920.0000 22538.0000 22130.0000 22006.0000 22488.0000 24521.0000 25265.0000 27632.0000 29237.0000 30468.0000 30889.0000 31715.0000 31538.0000 30639.0000 29701.0000 29794.0000 29823.0000 29612.0000 29016.0000 29871.0000 31147.0000 28349.0000 
26443.0000 24517.0000 23260.0000 22455.0000 21961.0000 21788.0000 22566.0000 24491.0000 25132.0000 27349.0000 29238.0000 30194.0000 30972.0000 31324.0000 31019.0000 29511.0000 29041.0000 28807.0000 28948.0000 28749.0000 28581.0000 29242.0000 30221.0000 27855.0000 
25761.0000 24559.0000 22964.0000 21729.0000 21585.0000 21356.0000 21354.0000 21381.0000 21580.0000 23330.0000 25161.0000 26515.0000 26894.0000 27435.0000 27642.0000 26847.0000 25917.0000 25247.0000 25641.0000 25742.0000 25786.0000 26920.0000 28285.0000 26364.0000 
24706.0000 23052.0000 21768.0000 20858.0000 20443.0000 20057.0000 19911.0000 19926.0000 19399.0000 20608.0000 22558.0000 23488.0000 24465.0000 24889.0000 25545.0000 25047.0000 24439.0000 23915.0000 23963.0000 24144.0000 24584.0000 26110.0000 28075.0000 26845.0000 
25209.0000 23309.0000 22107.0000 21092.0000 20717.0000 20968.0000 22245.0000 24668.0000 26275.0000 28841.0000 30837.0000 31818.0000 32795.0000 33635.0000 33548.0000 32715.0000 32115.0000 31895.0000 32095.0000 31679.0000 31234.0000 31964.0000 32529.0000 29878.0000 
27416.0000 25812.0000 24662.0000 23737.0000 23034.0000 23276.0000 23889.0000 25744.0000 27191.0000 29566.0000 31740.0000 33311.0000 34194.0000 35182.0000 35162.0000 34147.0000 33845.0000 33778.0000 34054.0000 33604.0000 32807.0000 33434.0000 33537.0000 30813.0000 
28265.0000 26373.0000 24756.0000 24099.0000 23813.0000 23429.0000 24134.0000 26141.0000 27496.0000 30597.0000 32662.0000 34031.0000 35190.0000 35921.0000 35990.0000 34941.0000 34530.0000 34378.0000 34055.0000 33662.0000 32994.0000 33687.0000 33838.0000 31286.0000 
28825.0000 27125.0000 25268.0000 24551.0000 23963.0000 23749.0000 24305.0000 26443.0000 27883.0000 30374.0000 32740.0000 34118.0000 35023.0000 36080.0000 35705.0000 34803.0000 34302.0000 34498.0000 34305.0000 33503.0000 32621.0000 33768.0000 33629.0000 30959.0000 
28550.0000 27050.0000 25303.0000 24542.0000 24141.0000 23903.0000 24293.0000 26690.0000 28103.0000 30613.0000 32695.0000 33768.0000 34528.0000 35248.0000 35092.0000 34002.0000 33569.0000 33310.0000 33306.0000 32614.0000 32074.0000 32793.0000 32599.0000 29857.0000 
27906.0000 26499.0000 24986.0000 23763.0000 23296.0000 22876.0000 22648.0000 23302.0000 23290.0000 25133.0000 27636.0000 28940.0000 29272.0000 30120.0000 30276.0000 29810.0000 28878.0000 28266.0000 28012.0000 27828.0000 27626.0000 29599.0000 30031.0000 27733.0000 
26094.0000 24740.0000 23196.0000 22047.0000 21640.0000 21371.0000 21185.0000 21682.0000 20895.0000 21936.0000 23604.0000 25183.0000 25878.0000 26555.0000 27383.0000 27094.0000 26560.0000 26326.0000 26301.0000 26184.0000 26432.0000 28498.0000 29963.0000 28281.0000 
26354.0000 24666.0000 23354.0000 22480.0000 21917.0000 22178.0000 23275.0000 25857.0000 27631.0000 30653.0000 32626.0000 34298.0000 35055.0000 36199.0000 36149.0000 35298.0000 35248.0000 35441.0000 35214.0000 34162.0000 33117.0000 34262.0000 33736.0000 31205.0000 
28677.0000 26889.0000 25576.0000 24932.0000 24253.0000 24274.0000 24695.0000 27543.0000 28729.0000 31211.0000 33393.0000 34683.0000 35556.0000 36767.0000 36690.0000 35945.0000 35881.0000 36079.0000 35797.0000 34752.0000 33805.0000 34773.0000 33998.0000 31123.0000 
28481.0000 27433.0000 25798.0000 25052.0000 24612.0000 24554.0000 24999.0000 27926.0000 29343.0000 31869.0000 33690.0000 35029.0000 36026.0000 36439.0000 36411.0000 35324.0000 35468.0000 35400.0000 35331.0000 34381.0000 33470.0000 34459.0000 33537.0000 30949.0000 
28257.0000 27153.0000 25509.0000 25107.0000 24682.0000 24550.0000 25229.0000 27726.0000 28729.0000 31741.0000 33479.0000 34514.0000 35644.0000 36539.0000 36251.0000 35054.0000 34939.0000 35103.0000 34995.0000 34113.0000 33227.0000 34787.0000 33575.0000 30726.0000 
28279.0000 26780.0000 25840.0000 24755.0000 24382.0000 24269.0000 25083.0000 27675.0000 28880.0000 31266.0000 33302.0000 34390.0000 35320.0000 36006.0000 35936.0000 34577.0000 34109.0000 34031.0000 34240.0000 33366.0000 32408.0000 33757.0000 32698.0000 30090.0000 
27744.0000 26737.0000 25353.0000 24163.0000 23295.0000 23213.0000 22749.0000 23724.0000 23526.0000 25538.0000 28326.0000 29422.0000 30363.0000 30478.0000 31169.0000 30043.0000 29115.0000 28541.0000 28760.0000 28188.0000 28257.0000 30715.0000 30093.0000 27890.0000 
26358.0000 25104.0000 23392.0000 22373.0000 21715.0000 21460.0000 21760.0000 21938.0000 21101.0000 22316.0000 23858.0000 25586.0000 26398.0000 27307.0000 27964.0000 27247.0000 26390.0000 25723.0000 26156.0000 25754.0000 26149.0000 28831.0000 28995.0000 27532.0000 
25693.0000 24096.0000 22672.0000 22026.0000 21797.0000 22060.0000 22896.0000 25609.0000 27226.0000 29375.0000 31288.0000 32675.0000 33492.0000 34030.0000 33925.0000 33099.0000 32846.0000 32806.0000 32623.0000 31989.0000 31463.0000 33571.0000 32382.0000 29277.0000 
27311.0000 25899.0000 24639.0000 24067.0000 23790.0000 23366.0000 24405.0000 26860.0000 28565.0000 30855.0000 33011.0000 33819.0000 34873.0000 35647.0000 35438.0000 34194.0000 33691.0000 33968.0000 33771.0000 33095.0000 32514.0000 34390.0000 32894.0000 29707.0000 
27654.0000 25908.0000 24711.0000 24370.0000 23926.0000 23995.0000 24534.0000 27180.0000 28943.0000 30851.0000 32614.0000 33827.0000 34459.0000 35300.0000 35116.0000 33995.0000 33912.0000 33897.0000 33894.0000 33070.0000 32189.0000 34420.0000 32670.0000 29937.0000 
27528.0000 26307.0000 24922.0000 24134.0000 23756.0000 23606.0000 23922.0000 25724.0000 27210.0000 28926.0000 30629.0000 31687.0000 32709.0000 33239.0000 33073.0000 31894.0000 31745.0000 32082.0000 32146.0000 31364.0000 31014.0000 33459.0000 32011.0000 29210.0000 
26989.0000 25924.0000 24508.0000 23889.0000 23439.0000 23345.0000 23977.0000 26531.0000 28110.0000 30139.0000 32200.0000 32944.0000 33740.0000 34403.0000 33997.0000 32864.0000 32355.0000 32730.0000 32287.0000 31828.0000 31227.0000 33146.0000 31322.0000 28930.0000 
26778.0000 25862.0000 24312.0000 23772.0000 22941.0000 22704.0000 22426.0000 23131.0000 23300.0000 25359.0000 27775.0000 29115.0000 29844.0000 30187.0000 30471.0000 29403.0000 28348.0000 28110.0000 27665.0000 27829.0000 27796.0000 30499.0000 29496.0000 27295.0000 
25391.0000 23929.0000 22917.0000 21830.0000 21519.0000 21081.0000 20915.0000 21068.0000 20695.0000 21678.0000 23694.0000 24746.0000 25654.0000 25930.0000 26832.0000 26419.0000 25408.0000 25079.0000 25043.0000 25138.0000 25854.0000 29309.0000 29080.0000 26963.0000 
24769.0000 23271.0000 22286.0000 21827.0000 21266.0000 21459.0000 22594.0000 25726.0000 27876.0000 30037.0000 31686.0000 32806.0000 33458.0000 33957.0000 33407.0000 32574.0000 32177.0000 32716.0000 32467.0000 31800.0000 31534.0000 34155.0000 32072.0000 28621.0000 
26635.0000 25288.0000 23917.0000 23504.0000 22784.0000 22721.0000 23752.0000 26763.0000 29299.0000 30843.0000 32273.0000 33049.0000 33519.0000 34025.0000 33321.0000 32370.0000 32163.0000 32373.0000 32163.0000 31797.0000 31927.0000 34488.0000 31528.0000 28768.0000 
26389.0000 25111.0000 24028.0000 23432.0000 23141.0000 23368.0000 24365.0000 27113.0000 29531.0000 31121.0000 32510.0000 33140.0000 33785.0000 33964.0000 33467.0000 32203.0000 32116.0000 32378.0000 31904.0000 31650.0000 31598.0000 34130.0000 31968.0000 28731.0000 
26453.0000 25129.0000 24062.0000 23453.0000 23203.0000 22913.0000 23862.0000 26710.0000 29378.0000 30841.0000 31979.0000 32872.0000 33427.0000 33853.0000 33313.0000 31867.0000 31860.0000 31986.0000 32020.0000 31431.0000 31534.0000 34020.0000 31751.0000 28872.0000 
26728.0000 25323.0000 24216.0000 23460.0000 23032.0000 23068.0000 24014.0000 26544.0000 29253.0000 30677.0000 32108.0000 32909.0000 33264.0000 33658.0000 33064.0000 31765.0000 31380.0000 31133.0000 31039.0000 30480.0000 30677.0000 33037.0000 30968.0000 28030.0000 
26132.0000 24902.0000 23560.0000 22865.0000 22107.0000 21934.0000 21613.0000 22519.0000 22978.0000 24662.0000 27130.0000 28184.0000 28712.0000 28871.0000 28740.0000 27726.0000 26797.0000 26195.0000 26009.0000 25969.0000 26340.0000 29358.0000 28054.0000 25919.0000 
24312.0000 22852.0000 21390.0000 20682.0000 19994.0000 19992.0000 19922.0000 20265.0000 20242.0000 21059.0000 22996.0000 24164.0000 24769.0000 25338.0000 26185.0000 24936.0000 23869.0000 23559.0000 23238.0000 23594.0000 24757.0000 28437.0000 27612.0000 25712.0000 
23898.0000 22521.0000 21317.0000 20771.0000 20742.0000 20985.0000 21787.0000 25237.0000 28076.0000 29816.0000 31298.0000 32168.0000 32469.0000 32485.0000 31361.0000 30266.0000 30136.0000 30043.0000 30028.0000 29706.0000 30619.0000 32541.0000 30190.0000 27166.0000 
24769.0000 23746.0000 22732.0000 22164.0000 21960.0000 22023.0000 22607.0000 25530.0000 28236.0000 29232.0000 30486.0000 31221.0000 31645.0000 31951.0000 31381.0000 30055.0000 29858.0000 29787.0000 29901.0000 29485.0000 30095.0000 32531.0000 30138.0000 27339.0000 
24902.0000 23802.0000 22765.0000 22197.0000 21873.0000 21853.0000 22558.0000 25241.0000 27760.0000 28802.0000 29982.0000 30908.0000 31094.0000 31437.0000 30702.0000 29493.0000 29190.0000 29237.0000 29160.0000 28914.0000 29765.0000 32316.0000 29920.0000 26894.0000 
24745.0000 23779.0000 22720.0000 21904.0000 21720.0000 21773.0000 22696.0000 25494.0000 28203.0000 29023.0000 30127.0000 30335.0000 30786.0000 31339.0000 30511.0000 29586.0000 29168.0000 29464.0000 29445.0000 28746.0000 29808.0000 32544.0000 30043.0000 26841.0000 
24882.0000 23335.0000 22570.0000 21907.0000 21418.0000 21722.0000 22337.0000 25305.0000 27729.0000 29083.0000 30247.0000 30489.0000 30972.0000 31301.0000 30837.0000 29452.0000 29128.0000 28988.0000 28863.0000 28627.0000 29350.0000 31429.0000 29390.0000 26629.0000 
24840.0000 23632.0000 22244.0000 21548.0000 20836.0000 20449.0000 20275.0000 21519.0000 22264.0000 23843.0000 26105.0000 26948.0000 27018.0000 27267.0000 27375.0000 25743.0000 24955.0000 24524.0000 24134.0000 24524.0000 25661.0000 28131.0000 27080.0000 24870.0000 
23182.0000 21592.0000 20630.0000 19630.0000 19285.0000 19185.0000 19272.0000 19902.0000 19878.0000 20669.0000 22505.0000 24135.0000 24359.0000 24614.0000 25211.0000 24114.0000 22902.0000 22223.0000 22160.0000 22807.0000 24377.0000 27198.0000 26582.0000 24905.0000 
22924.0000 21554.0000 20437.0000 20077.0000 20226.0000 20075.0000 21358.0000 24964.0000 27891.0000 28982.0000 30181.0000 30736.0000 31202.0000 31443.0000 30895.0000 29456.0000 29566.0000 29546.0000 29427.0000 29132.0000 30439.0000 32483.0000 29932.0000 26955.0000 
24591.0000 23279.0000 22508.0000 21783.0000 21576.0000 21828.0000 22608.0000 25450.0000 28475.0000 29246.0000 30401.0000 30951.0000 31469.0000 31825.0000 31080.0000 29857.0000 29878.0000 29737.0000 29774.0000 29364.0000 30706.0000 32837.0000 30207.0000 27256.0000 
24614.0000 23412.0000 22506.0000 22083.0000 21700.0000 21973.0000 22970.0000 25966.0000 28631.0000 29665.0000 30853.0000 31411.0000 31731.0000 32116.0000 31098.0000 30250.0000 29970.0000 29968.0000 29987.0000 29781.0000 30900.0000 32770.0000 30251.0000 27209.0000 
24977.0000 23720.0000 22598.0000 22118.0000 22014.0000 21944.0000 22968.0000 25769.0000 28670.0000 29559.0000 30931.0000 31239.0000 31710.0000 32497.0000 31781.0000 30584.0000 30246.0000 30412.0000 30452.0000 29926.0000 31291.0000 32657.0000 30427.0000 27379.0000 
25132.0000 23782.0000 22794.0000 22263.0000 21854.0000 21589.0000 22726.0000 25589.0000 28555.0000 29391.0000 30705.0000 31287.0000 31769.0000 32391.0000 31506.0000 30198.0000 29953.0000 29788.0000 29567.0000 29067.0000 30576.0000 31677.0000 29549.0000 27050.0000 
25158.0000 23790.0000 22669.0000 21705.0000 21094.0000 21043.0000 20919.0000 21595.0000 22500.0000 23846.0000 26221.0000 27074.0000 27330.0000 27685.0000 27806.0000 26363.0000 25456.0000 24756.0000 24964.0000 25172.0000 26824.0000 28250.0000 27603.0000 25281.0000 
23449.0000 22006.0000 20918.0000 20178.0000 19480.0000 19321.0000 18883.0000 19549.0000 20019.0000 20576.0000 22399.0000 23474.0000 23920.0000 24548.0000 25094.0000 23868.0000 23010.0000 22285.0000 22367.0000 22643.0000 25122.0000 27666.0000 26640.0000 24807.0000 
23052.0000 21500.0000 20388.0000 20074.0000 19998.0000 20309.0000 21282.0000 24597.0000 28240.0000 29420.0000 30502.0000 30748.0000 31460.0000 31771.0000 31045.0000 30067.0000 29598.0000 29785.0000 29633.0000 29264.0000 31245.0000 32485.0000 29974.0000 26800.0000 
24832.0000 23355.0000 22542.0000 22145.0000 21785.0000 22080.0000 22790.0000 25769.0000 28674.0000 29558.0000 30569.0000 31227.0000 31618.0000 31941.0000 31435.0000 30177.0000 30023.0000 30171.0000 29974.0000 29744.0000 31675.0000 32814.0000 30438.0000 27366.0000 
25029.0000 23845.0000 23010.0000 22438.0000 22117.0000 22143.0000 22947.0000 26122.0000 29209.0000 29954.0000 30845.0000 31239.0000 31339.0000 31948.0000 31042.0000 30337.0000 30176.0000 30560.0000 30282.0000 29986.0000 31856.0000 32698.0000 30069.0000 27327.0000 
25002.0000 23791.0000 22962.0000 22206.0000 22008.0000 21855.0000 22612.0000 24973.0000 27550.0000 28771.0000 29842.0000 30476.0000 30981.0000 31305.0000 30753.0000 29700.0000 29112.0000 29169.0000 29092.0000 28842.0000 31375.0000 32019.0000 29537.0000 26869.0000 
24851.0000 23536.0000 22526.0000 21744.0000 21473.0000 21653.0000 22629.0000 25245.0000 28254.0000 29265.0000 30346.0000 30941.0000 31049.0000 31522.0000 30540.0000 29423.0000 28886.0000 28821.0000 28702.0000 28670.0000 30470.0000 31486.0000 29063.0000 26516.0000 
24567.0000 23477.0000 21977.0000 21250.0000 20935.0000 20471.0000 20663.0000 21144.0000 22694.0000 23801.0000 26128.0000 27075.0000 26973.0000 26960.0000 27213.0000 25898.0000 24767.0000 23938.0000 24157.0000 24268.0000 26969.0000 27941.0000 26889.0000 24675.0000 
23107.0000 21957.0000 20857.0000 20020.0000 19350.0000 19684.0000 19304.0000 19372.0000 20096.0000 20431.0000 22341.0000 23457.0000 23922.0000 24337.0000 24806.0000 23498.0000 22483.0000 21934.0000 22060.0000 22418.0000 25208.0000 26706.0000 25904.0000 24223.0000 
22541.0000 20929.0000 20018.0000 19722.0000 19356.0000 19588.0000 20229.0000 22873.0000 25764.0000 26600.0000 27959.0000 28773.0000 29195.0000 29311.0000 29210.0000 27717.0000 27568.0000 27335.0000 27210.0000 27105.0000 30063.0000 30616.0000 28369.0000 25487.0000 
23443.0000 22528.0000 21376.0000 20996.0000 20741.0000 20674.0000 21542.0000 24694.0000 28138.0000 29085.0000 30043.0000 30435.0000 30783.0000 31006.0000 29981.0000 28937.0000 28816.0000 28682.0000 28435.0000 28816.0000 31751.0000 32173.0000 29373.0000 26708.0000 
24200.0000 23211.0000 21936.0000 21685.0000 21019.0000 21274.0000 22203.0000 25356.0000 28526.0000 29796.0000 30579.0000 31120.0000 31486.0000 31958.0000 30658.0000 29603.0000 29620.0000 29499.0000 29444.0000 29573.0000 32148.0000 32777.0000 30430.0000 27434.0000 
25058.0000 23681.0000 22666.0000 22456.0000 22160.0000 22351.0000 22546.0000 25583.0000 29043.0000 29830.0000 31009.0000 31485.0000 31656.0000 32348.0000 31359.0000 30132.0000 30069.0000 30084.0000 30120.0000 29950.0000 33017.0000 33160.0000 30532.0000 27590.0000 
25491.0000 24147.0000 22907.0000 22199.0000 22051.0000 22149.0000 22904.0000 25836.0000 29309.0000 29774.0000 30547.0000 30958.0000 31364.0000 31785.0000 31151.0000 29768.0000 29527.0000 29715.0000 29288.0000 29510.0000 31834.0000 31883.0000 29612.0000 27155.0000 
25132.0000 23765.0000 22389.0000 21542.0000 21120.0000 21017.0000 20652.0000 21562.0000 22804.0000 23829.0000 26519.0000 27137.0000 27075.0000 27761.0000 27550.0000 26235.0000 25273.0000 24834.0000 24562.0000 24990.0000 27663.0000 28327.0000 27189.0000 25096.0000 
23467.0000 21604.0000 20629.0000 19768.0000 19292.0000 19167.0000 19114.0000 19622.0000 20360.0000 20488.0000 22262.0000 23619.0000 23838.0000 24584.0000 24706.0000 23667.0000 22635.0000 22295.0000 22170.0000 22767.0000 26130.0000 27289.0000 26438.0000 24762.0000 
22564.0000 21166.0000 20514.0000 20007.0000 19906.0000 19976.0000 21016.0000 24375.0000 28128.0000 28906.0000 30052.0000 30546.0000 31056.0000 31429.0000 30801.0000 29843.0000 29439.0000 29620.0000 29496.0000 29208.0000 32517.0000 32567.0000 29888.0000 27139.0000 
24684.0000 23191.0000 22148.0000 21670.0000 21580.0000 21866.0000 22470.0000 25288.0000 29197.0000 29735.0000 30599.0000 31190.0000 31663.0000 32104.0000 31540.0000 30309.0000 30301.0000 30100.0000 30339.0000 30461.0000 33307.0000 33310.0000 30508.0000 27312.0000 
25345.0000 23920.0000 22962.0000 22649.0000 22147.0000 22047.0000 22996.0000 25568.0000 29051.0000 29573.0000 30531.0000 30844.0000 31271.0000 31767.0000 31168.0000 30136.0000 29718.0000 29674.0000 29736.0000 29651.0000 32893.0000 32369.0000 29771.0000 26836.0000 
24745.0000 23412.0000 22092.0000 21641.0000 21220.0000 21471.0000 22069.0000 24982.0000 28264.0000 29074.0000 30349.0000 30557.0000 30722.0000 31094.0000 30315.0000 29328.0000 29186.0000 29198.0000 29184.0000 29364.0000 32587.0000 32423.0000 29722.0000 26987.0000 
24828.0000 23240.0000 22485.0000 21662.0000 21624.0000 21375.0000 22378.0000 24886.0000 28481.0000 28985.0000 29918.0000 30351.0000 30862.0000 31300.0000 30311.0000 29501.0000 29018.0000 28874.0000 28701.0000 28742.0000 31320.0000 31135.0000 28802.0000 26243.0000 
24325.0000 23184.0000 22033.0000 20791.0000 20547.0000 20305.0000 20034.0000 20985.0000 22434.0000 23506.0000 25532.0000 26643.0000 26699.0000 26935.0000 26789.0000 25657.0000 24562.0000 24044.0000 24096.0000 24056.0000 27318.0000 27649.0000 26315.0000 24272.0000 
22522.0000 21279.0000 20112.0000 18868.0000 18514.0000 18525.0000 18651.0000 19321.0000 19240.0000 20932.0000 22727.0000 23295.0000 23378.0000 23839.0000 24315.0000 23000.0000 22351.0000 21918.0000 22241.0000 25668.0000 26565.0000 26780.0000 25604.0000 23799.0000 
21954.0000 20746.0000 20076.0000 19426.0000 19315.0000 19785.0000 21002.0000 24598.0000 26733.0000 28526.0000 29821.0000 30134.0000 30361.0000 30753.0000 29787.0000 29027.0000 28803.0000 28791.0000 29365.0000 32337.0000 32578.0000 31901.0000 29092.0000 26224.0000 
24221.0000 22656.0000 21746.0000 21450.0000 21338.0000 21319.0000 22413.0000 25284.0000 27236.0000 28949.0000 29993.0000 30467.0000 30951.0000 31311.0000 30402.0000 29309.0000 29320.0000 29147.0000 29797.0000 32331.0000 32575.0000 31882.0000 29484.0000 26293.0000 
24164.0000 22918.0000 22123.0000 21551.0000 21457.0000 21576.0000 22458.0000 25297.0000 27699.0000 29188.0000 30248.0000 30666.0000 30879.0000 31579.0000 30372.0000 29559.0000 29262.0000 29291.0000 29679.0000 32385.0000 32487.0000 31910.0000 29358.0000 26495.0000 
24202.0000 23142.0000 22357.0000 21727.0000 21399.0000 21639.0000 22376.0000 25010.0000 27349.0000 28986.0000 29705.0000 30047.0000 30379.0000 30765.0000 30026.0000 29177.0000 29325.0000 29246.0000 29864.0000 32413.0000 32486.0000 31467.0000 29307.0000 26251.0000 
24339.0000 23512.0000 22254.0000 21575.0000 21362.0000 21586.0000 22230.0000 25016.0000 26836.0000 28585.0000 29911.0000 30266.0000 30556.0000 30930.0000 30060.0000 28971.0000 28509.0000 28325.0000 28426.0000 31513.0000 30813.0000 30204.0000 28154.0000 25984.0000 
23960.0000 22750.0000 21399.0000 20610.0000 20407.0000 20265.0000 19764.0000 20251.0000 20266.0000 22406.0000 24035.0000 24986.0000 24978.0000 24942.0000 25310.0000 24281.0000 23068.0000 22552.0000 23277.0000 25955.0000 26188.0000 26532.0000 25514.0000 23644.0000 
22072.0000 20725.0000 19769.0000 18794.0000 18450.0000 18354.0000 18338.0000 18970.0000 18682.0000 20244.0000 21931.0000 23255.0000 23527.0000 23707.0000 24023.0000 23147.0000 22314.0000 21885.0000 23064.0000 25720.0000 26340.0000 27086.0000 26200.0000 24210.0000 
21975.0000 20522.0000 19887.0000 19609.0000 19599.0000 19841.0000 20982.0000 24220.0000 26703.0000 29072.0000 30402.0000 31135.0000 31135.0000 31731.0000 30867.0000 29525.0000 29289.0000 29339.0000 30438.0000 32450.0000 32843.0000 32320.0000 29754.0000 26896.0000 
24738.0000 23464.0000 22273.0000 21628.0000 21240.0000 21543.0000 22246.0000 25576.0000 28247.0000 29740.0000 31168.0000 31632.0000 31558.0000 31711.0000 30690.0000 29557.0000 29414.0000 29120.0000 30172.0000 32701.0000 32729.0000 32469.0000 29746.0000 27171.0000 
24710.0000 23240.0000 22135.0000 21647.0000 21484.0000 21711.0000 22097.0000 25467.0000 28221.0000 30008.0000 31253.0000 31439.0000 31699.0000 31894.0000 30789.0000 29957.0000 29578.0000 29400.0000 30270.0000 33102.0000 33433.0000 32848.0000 30397.0000 27562.0000 
25122.0000 23587.0000 22557.0000 22071.0000 21740.0000 21955.0000 22433.0000 25902.0000 28583.0000 30584.0000 31619.0000 31849.0000 31747.0000 31896.0000 31122.0000 30204.0000 30064.0000 29833.0000 31147.0000 33849.0000 33905.0000 33664.0000 30944.0000 28540.0000 
26125.0000 24184.0000 22931.0000 22521.0000 22187.0000 22406.0000 23455.0000 26543.0000 29026.0000 30634.0000 31620.0000 32266.0000 32040.0000 32330.0000 31087.0000 30050.0000 29517.0000 29035.0000 30265.0000 32683.0000 32164.0000 32280.0000 29968.0000 27662.0000 
25630.0000 24269.0000 22432.0000 21344.0000 21192.0000 21000.0000 21232.0000 22160.0000 22277.0000 24461.0000 26610.0000 28139.0000 28132.0000 28065.0000 28045.0000 27043.0000 25997.0000 25810.0000 26657.0000 28670.0000 29390.0000 29242.0000 27829.0000 26120.0000 
24055.0000 22420.0000 20644.0000 20008.0000 19323.0000 19225.0000 19547.0000 19967.0000 19822.0000 21171.0000 22978.0000 24658.0000 25077.0000 25303.0000 25842.0000 24587.0000 23778.0000 23145.0000 24463.0000 27140.0000 27906.0000 28672.0000 28048.0000 25929.0000 
23869.0000 21875.0000 20805.0000 20474.0000 20040.0000 20374.0000 21563.0000 24909.0000 27958.0000 30314.0000 31607.0000 31723.0000 32032.0000 32144.0000 31439.0000 30172.0000 29997.0000 29711.0000 31574.0000 33924.0000 34308.0000 34307.0000 31746.0000 28863.0000 
26319.0000 24315.0000 23121.0000 22509.0000 22238.0000 22578.0000 23320.0000 26740.0000 29847.0000 31680.0000 33095.0000 33886.0000 33923.0000 34074.0000 33112.0000 31943.0000 31688.0000 31641.0000 33042.0000 34775.0000 35152.0000 34336.0000 31861.0000 29148.0000 
26489.0000 24829.0000 23506.0000 22789.0000 22404.0000 22764.0000 23512.0000 26859.0000 30015.0000 31732.0000 32675.0000 32845.0000 32684.0000 32876.0000 31919.0000 30683.0000 30346.0000 30502.0000 31973.0000 34515.0000 34684.0000 34368.0000 32096.0000 29135.0000 
26747.0000 25048.0000 23499.0000 23150.0000 22660.0000 22823.0000 23928.0000 27004.0000 29968.0000 31598.0000 32796.0000 32827.0000 32684.0000 33025.0000 32298.0000 31222.0000 31149.0000 31087.0000 32712.0000 34455.0000 34808.0000 34168.0000 31846.0000 29268.0000 
26778.0000 24919.0000 23434.0000 23072.0000 22166.0000 22485.0000 23432.0000 26652.0000 29774.0000 31440.0000 32532.0000 33152.0000 33094.0000 33135.0000 31861.0000 31003.0000 30604.0000 30221.0000 31885.0000 33384.0000 33289.0000 32865.0000 30550.0000 28730.0000 
26436.0000 24554.0000 23036.0000 22281.0000 21427.0000 21694.0000 21714.0000 22524.0000 23026.0000 25065.0000 27029.0000 27897.0000 27756.0000 27399.0000 27977.0000 26646.0000 26022.0000 25804.0000 27609.0000 29239.0000 29882.0000 29798.0000 28744.0000 26997.0000 
25092.0000 23279.0000 21635.0000 20586.0000 19949.0000 19913.0000 19953.0000 20714.0000 20320.0000 21347.0000 23580.0000 24469.0000 24689.0000 24446.0000 25401.0000 24668.0000 23846.0000 24116.0000 25673.0000 28218.0000 28931.0000 29660.0000 29008.0000 27216.0000 
25012.0000 22939.0000 21730.0000 20873.0000 20731.0000 20887.0000 22054.0000 26333.0000 29927.0000 31704.0000 32453.0000 33065.0000 32894.0000 33090.0000 32026.0000 31101.0000 31022.0000 30720.0000 32320.0000 34744.0000 34880.0000 34648.0000 32209.0000 29752.0000 
26745.0000 24675.0000 23595.0000 22670.0000 22672.0000 22835.0000 23805.0000 27470.0000 30951.0000 32687.0000 33494.0000 33689.0000 33651.0000 33664.0000 32643.0000 31595.0000 31491.0000 31222.0000 33482.0000 35603.0000 35561.0000 35408.0000 32890.0000 29673.0000 
27215.0000 24940.0000 23600.0000 23033.0000 22569.0000 22677.0000 24016.0000 27108.0000 30887.0000 31993.0000 33229.0000 33274.0000 32955.0000 33434.0000 32391.0000 31247.0000 31008.0000 31053.0000 33039.0000 35102.0000 35029.0000 34928.0000 31977.0000 29221.0000 
26749.0000 24674.0000 23446.0000 22535.0000 22449.0000 22577.0000 23835.0000 27091.0000 30610.0000 31772.0000 33068.0000 33018.0000 33051.0000 32957.0000 32377.0000 31277.0000 30788.0000 30893.0000 32921.0000 34595.0000 34851.0000 34298.0000 32161.0000 29134.0000 
26453.0000 25171.0000 23509.0000 22599.0000 22155.0000 22624.0000 23533.0000 26543.0000 29970.0000 31618.0000 32587.0000 32693.0000 32543.0000 32518.0000 31324.0000 30402.0000 30035.0000 30089.0000 31699.0000 33223.0000 33181.0000 32622.0000 30831.0000 28772.0000 
26443.0000 24650.0000 22771.0000 22015.0000 21307.0000 21197.0000 21165.0000 22307.0000 23202.0000 25191.0000 27882.0000 28539.0000 28321.0000 28232.0000 28423.0000 26852.0000 26045.0000 25752.0000 27589.0000 28829.0000 28918.0000 29144.0000 28063.0000 26277.0000 
24454.0000 22866.0000 21413.0000 20299.0000 19784.0000 19639.0000 19750.0000 20532.0000 20742.0000 21973.0000 24185.0000 25727.0000 25684.0000 25864.0000 26347.0000 25357.0000 24299.0000 23987.0000 25630.0000 27530.0000 28199.0000 28895.0000 28005.0000 26380.0000 
23846.0000 21895.0000 20700.0000 20259.0000 20029.0000 20403.0000 21620.0000 25239.0000 29091.0000 30535.0000 31905.0000 32414.0000 32319.0000 32310.0000 31346.0000 30641.0000 30091.0000 30107.0000 32041.0000 33922.0000 33941.0000 33744.0000 31081.0000 28296.0000 
25726.0000 24152.0000 22748.0000 21991.0000 21974.0000 22244.0000 23116.0000 26655.0000 30086.0000 31106.0000 31974.0000 32498.0000 32601.0000 32541.0000 31533.0000 30753.0000 30467.0000 30805.0000 32684.0000 33964.0000 34324.0000 33939.0000 31244.0000 28962.0000 
26181.0000 24193.0000 22960.0000 22276.0000 22134.0000 21998.0000 23068.0000 26475.0000 30216.0000 31481.0000 32395.0000 33088.0000 32819.0000 32915.0000 31436.0000 30724.0000 30182.0000 30167.0000 32507.0000 34161.0000 34119.0000 33731.0000 31097.0000 28673.0000 
26090.0000 24344.0000 22804.0000 21906.0000 21845.0000 21807.0000 23020.0000 26062.0000 29955.0000 31125.0000 32450.0000 33206.0000 33290.0000 33441.0000 32581.0000 31278.0000 31295.0000 31381.0000 33610.0000 35144.0000 34855.0000 34496.0000 31960.0000 29068.0000 
26775.0000 24861.0000 23288.0000 22554.0000 22365.0000 22235.0000 23376.0000 26392.0000 30016.0000 31538.0000 32908.0000 33438.0000 33571.0000 33582.0000 32553.0000 31781.0000 31227.0000 31294.0000 32549.0000 33849.0000 33584.0000 33056.0000 30995.0000 28983.0000 
26956.0000 24673.0000 22934.0000 22063.0000 21418.0000 21224.0000 20959.0000 22113.0000 23274.0000 25061.0000 27619.0000 28784.0000 29082.0000 29046.0000 28940.0000 27684.0000 26591.0000 26175.0000 27883.0000 29132.0000 29507.0000 29697.0000 29075.0000 27066.0000 
25045.0000 22816.0000 21296.0000 20103.0000 19678.0000 19363.0000 19524.0000 20347.0000 20615.0000 21012.0000 23555.0000 25446.0000 26155.0000 26443.0000 27025.0000 25605.0000 24812.0000 24305.0000 26371.0000 28190.0000 28784.0000 29660.0000 28834.0000 27406.0000 
24799.0000 23011.0000 21660.0000 20700.0000 20575.0000 20564.0000 22211.0000 25329.0000 29848.0000 31035.0000 32356.0000 32553.0000 32181.0000 32472.0000 31803.0000 30827.0000 30696.0000 30866.0000 33036.0000 34404.0000 34424.0000 34162.0000 31842.0000 29052.0000 
26361.0000 24503.0000 23053.0000 22147.0000 22260.0000 22366.0000 23038.0000 26602.0000 30770.0000 31960.0000 32992.0000 32651.0000 32382.0000 32558.0000 31691.0000 31054.0000 31013.0000 30938.0000 33314.0000 34490.0000 34867.0000 34592.0000 32797.0000 29695.0000 
26854.0000 24873.0000 23342.0000 22487.0000 22297.0000 22503.0000 23606.0000 26892.0000 31160.0000 32330.0000 33238.0000 33186.0000 33179.0000 33591.0000 32847.0000 31772.0000 31505.0000 31568.0000 33515.0000 34743.0000 34784.0000 34587.0000 32380.0000 29978.0000 
27036.0000 24663.0000 23261.0000 22460.0000 21993.0000 22135.0000 23424.0000 27054.0000 31198.0000 32380.0000 33558.0000 33770.0000 33432.0000 33491.0000 32844.0000 31990.0000 31980.0000 32233.0000 33958.0000 35617.0000 35572.0000 35316.0000 33063.0000 30358.0000 
27425.0000 24913.0000 23507.0000 22580.0000 22174.0000 22515.0000 23325.0000 27052.0000 31205.0000 32446.0000 33776.0000 33746.0000 33267.0000 33268.0000 32438.0000 31531.0000 31349.0000 31419.0000 33373.0000 34734.0000 34891.0000 34429.0000 32607.0000 30608.0000 
28227.0000 25696.0000 23610.0000 22704.0000 21892.0000 21986.0000 21907.0000 22510.0000 23913.0000 25329.0000 27623.0000 28913.0000 28670.0000 28701.0000 28894.0000 28097.0000 27421.0000 26801.0000 28828.0000 30503.0000 30797.0000 31534.0000 30709.0000 29093.0000 
26655.0000 24608.0000 22768.0000 21669.0000 20921.0000 20811.0000 20985.0000 21400.0000 22157.0000 23061.0000 25657.0000 26835.0000 26917.0000 26912.0000 27420.0000 26695.0000 25958.0000 25665.0000 27197.0000 29423.0000 29916.0000 30437.0000 30082.0000 28613.0000 
26417.0000 23797.0000 21923.0000 21062.0000 20412.0000 20304.0000 20995.0000 21921.0000 22745.0000 23963.0000 26667.0000 28053.0000 28003.0000 27732.0000 28488.0000 27578.0000 26670.0000 26452.0000 28372.0000 31047.0000 31889.0000 32470.0000 31880.0000 29349.0000 
26589.0000 24180.0000 22846.0000 21876.0000 21572.0000 21858.0000 23327.0000 27063.0000 31823.0000 33660.0000 35315.0000 35516.0000 35270.0000 35308.0000 34694.0000 33950.0000 33839.0000 34141.0000 36151.0000 37833.0000 37909.0000 37607.0000 35395.0000 32262.0000 
28995.0000 26215.0000 24618.0000 23746.0000 23490.0000 23498.0000 24840.0000 28155.0000 33110.0000 34406.0000 35520.0000 35384.0000 35325.0000 34976.0000 34267.0000 33130.0000 33060.0000 32961.0000 35854.0000 37446.0000 37671.0000 37581.0000 35376.0000 32292.0000 
28969.0000 26204.0000 24596.0000 23817.0000 23273.0000 23493.0000 24705.0000 28425.0000 33336.0000 34285.0000 35286.0000 35393.0000 34687.0000 34772.0000 33612.0000 32909.0000 32926.0000 32748.0000 35463.0000 37130.0000 37343.0000 37362.0000 35219.0000 32262.0000 
29025.0000 26741.0000 24998.0000 23849.0000 23463.0000 23455.0000 24726.0000 28629.0000 33506.0000 34864.0000 35900.0000 35909.0000 35326.0000 34854.0000 33762.0000 32769.0000 32575.0000 32659.0000 34998.0000 36635.0000 36459.0000 35895.0000 33988.0000 31895.0000 
29214.0000 26920.0000 24845.0000 23401.0000 22896.0000 22249.0000 22647.0000 23659.0000 25640.0000 27347.0000 30317.0000 31417.0000 31288.0000 31478.0000 31431.0000 30086.0000 29277.0000 28981.0000 31158.0000 32243.0000 32563.0000 32659.0000 31724.0000 29580.0000 
27358.0000 24736.0000 23022.0000 21806.0000 20936.0000 20818.0000 21011.0000 21565.0000 22628.0000 23297.0000 26099.0000 28367.0000 28795.0000 29066.0000 29973.0000 28911.0000 27517.0000 27439.0000 29111.0000 30503.0000 31565.0000 32339.0000 31781.0000 29633.0000 
26674.0000 23942.0000 22427.0000 21618.0000 21539.0000 21367.0000 22894.0000 27173.0000 32082.0000 33966.0000 35384.0000 36001.0000 35706.0000 35533.0000 34521.0000 33418.0000 33587.0000 33576.0000 35458.0000 36702.0000 36682.0000 36429.0000 34657.0000 31709.0000 
28421.0000 25930.0000 24115.0000 23307.0000 23207.0000 23020.0000 24039.0000 27963.0000 32573.0000 34305.0000 35333.0000 35558.0000 35263.0000 35087.0000 34319.0000 33783.0000 33450.0000 33278.0000 35438.0000 37129.0000 37137.0000 37025.0000 34858.0000 31961.0000 
28590.0000 26045.0000 24519.0000 23404.0000 22992.0000 23194.0000 24397.0000 27841.0000 32560.0000 34073.0000 35032.0000 35229.0000 34744.0000 34672.0000 33777.0000 32993.0000 32668.0000 32846.0000 34710.0000 36325.0000 36661.0000 36355.0000 34750.0000 31628.0000 
28585.0000 26061.0000 24125.0000 23486.0000 23029.0000 23188.0000 24005.0000 27489.0000 32429.0000 33661.0000 34575.0000 34434.0000 34076.0000 33681.0000 32625.0000 31803.0000 31824.0000 31880.0000 34023.0000 35756.0000 35936.0000 35895.0000 34119.0000 31312.0000 
28187.0000 25883.0000 23962.0000 23094.0000 22830.0000 22665.0000 23906.0000 27604.0000 32119.0000 33629.0000 34431.0000 34319.0000 33700.0000 33170.0000 32277.0000 31045.0000 30950.0000 31024.0000 33055.0000 34832.0000 34787.0000 34298.0000 32769.0000 30692.0000 
28075.0000 25829.0000 23786.0000 22458.0000 21843.0000 21743.0000 21654.0000 22959.0000 24705.0000 26553.0000 29461.0000 30432.0000 29847.0000 29733.0000 29442.0000 28517.0000 27647.0000 27210.0000 29484.0000 31074.0000 31700.0000 31944.0000 30827.0000 29195.0000 
26926.0000 24251.0000 22497.0000 21153.0000 20619.0000 20413.0000 20596.0000 21145.0000 22111.0000 22852.0000 25334.0000 26671.0000 26939.0000 26738.0000 27323.0000 26454.0000 25568.0000 25049.0000 27079.0000 29137.0000 30285.0000 31156.0000 30818.0000 28927.0000 
26138.0000 23439.0000 21845.0000 21024.0000 20833.0000 21043.0000 22306.0000 25598.0000 29755.0000 32347.0000 34239.0000 34191.0000 33549.0000 33036.0000 32324.0000 30829.0000 30559.0000 30651.0000 32617.0000 34325.0000 34324.0000 34426.0000 32677.0000 30160.0000 
27398.0000 24657.0000 22809.0000 21638.0000 21238.0000 21526.0000 22514.0000 25487.0000 29524.0000 32115.0000 33757.0000 34051.0000 33178.0000 32764.0000 32176.0000 30811.0000 30543.0000 30739.0000 32721.0000 34165.0000 34004.0000 33883.0000 32513.0000 30176.0000 
27259.0000 24484.0000 22273.0000 21102.0000 20441.0000 20467.0000 21052.0000 22828.0000 25579.0000 28132.0000 30541.0000 31022.0000 30074.0000 29315.0000 28653.0000 27237.0000 26720.0000 26640.0000 28705.0000 30822.0000 30121.0000 28523.0000 25855.0000 24434.0000 
23855.0000 22979.0000 21441.0000 19850.0000 18775.0000 18325.0000 18457.0000 18744.0000 19363.0000 19435.0000 21556.0000 23502.0000 24317.0000 24318.0000 24315.0000 22706.0000 21560.0000 21723.0000 23500.0000 25870.0000 26717.0000 27550.0000 27752.0000 26489.0000 
24288.0000 21944.0000 20155.0000 19194.0000 18803.0000 18862.0000 19668.0000 21396.0000 23869.0000 26099.0000 28831.0000 29805.0000 29363.0000 29050.0000 29302.0000 27689.0000 27010.0000 26808.0000 28723.0000 30982.0000 31306.0000 31191.0000 30525.0000 28552.0000 
26298.0000 23745.0000 21788.0000 20368.0000 20057.0000 19878.0000 20311.0000 21431.0000 22874.0000 24224.0000 28121.0000 29594.0000 29532.0000 29206.0000 28688.0000 28536.0000 27510.0000 27200.0000 28900.0000 30855.0000 31142.0000 31719.0000 30570.0000 28947.0000 
26715.0000 24155.0000 21855.0000 20734.0000 20012.0000 19907.0000 19936.0000 20633.0000 21792.0000 22092.0000 24541.0000 26458.0000 27113.0000 27132.0000 27740.0000 26895.0000 25944.0000 25790.0000 26950.0000 29370.0000 30098.0000 30726.0000 30341.0000 28592.0000 
26000.0000 23195.0000 21442.0000 20356.0000 20341.0000 20335.0000 21586.0000 23872.0000 27374.0000 30329.0000 32873.0000 33584.0000 33078.0000 32871.0000 32730.0000 31279.0000 30760.0000 30802.0000 33071.0000 34581.0000 34680.0000 34620.0000 33463.0000 30714.0000 
27498.0000 24422.0000 22607.0000 21589.0000 20965.0000 20926.0000 22008.0000 24680.0000 28113.0000 30923.0000 33569.0000 34161.0000 33318.0000 32871.0000 32503.0000 31293.0000 30977.0000 30895.0000 32746.0000 34709.0000 34823.0000 34802.0000 33674.0000 31206.0000 
28042.0000 24880.0000 22551.0000 21455.0000 20822.0000 20749.0000 21570.0000 23414.0000 25856.0000 28401.0000 31255.0000 31848.0000 31400.0000 30468.0000 29779.0000 28497.0000 27972.0000 27846.0000 29728.0000 32735.0000 32639.0000 31057.0000 28503.0000 26807.0000 
25459.0000 25093.0000 23516.0000 21954.0000 20725.0000 19947.0000 19864.0000 20171.0000 20442.0000 19917.0000 21387.0000 22935.0000 23978.0000 24408.0000 24925.0000 24090.0000 23132.0000 23050.0000 24632.0000 27586.0000 28383.0000 29475.0000 29531.0000 27858.0000 
25437.0000 22888.0000 21088.0000 20015.0000 19547.0000 19579.0000 20663.0000 23270.0000 26324.0000 28993.0000 31781.0000 32509.0000 32123.0000 31738.0000 31875.0000 30522.0000 29729.0000 29776.0000 31291.0000 33604.0000 33752.0000 33934.0000 33104.0000 31157.0000 
28486.0000 25763.0000 23353.0000 22116.0000 21594.0000 21273.0000 21726.0000 22836.0000 24292.0000 25940.0000 29294.0000 30501.0000 30091.0000 29657.0000 29597.0000 28842.0000 28062.0000 27600.0000 29199.0000 31897.0000 32508.0000 33056.0000 32295.0000 30571.0000 
28150.0000 25672.0000 23349.0000 21901.0000 21039.0000 20910.0000 21063.0000 21652.0000 22512.0000 23371.0000 26160.0000 27696.0000 27659.0000 27621.0000 28172.0000 27065.0000 26486.0000 26190.0000 27405.0000 30245.0000 31190.0000 32129.0000 31749.0000 30171.0000 
27389.0000 24673.0000 22540.0000 21667.0000 20990.0000 20931.0000 21889.0000 24028.0000 27344.0000 29676.0000 32679.0000 32992.0000 32353.0000 31591.0000 31663.0000 30113.0000 29579.0000 29214.0000 30042.0000 31316.0000 30924.0000 31366.0000 30745.0000 29350.0000 
27657.0000 24962.0000 23037.0000 21110.0000 20708.0000 20402.0000 20444.0000 21346.0000 21926.0000 22187.0000 24970.0000 26541.0000 26750.0000 26566.0000 26670.0000 25389.0000 24566.0000 24355.0000 25797.0000 28473.0000 29680.0000 30651.0000 30958.0000 29485.0000 
26813.0000 24455.0000 22513.0000 21763.0000 21460.0000 21540.0000 23245.0000 26812.0000 31305.0000 33998.0000 36208.0000 37015.0000 36545.0000 36262.0000 35537.0000 34231.0000 33902.0000 33861.0000 35133.0000 37884.0000 38183.0000 37962.0000 35643.0000 32788.0000 
29380.0000 26507.0000 24612.0000 23961.0000 23676.0000 23761.0000 25107.0000 29041.0000 34420.0000 35738.0000 37355.0000 37355.0000 36841.0000 36315.0000 35031.0000 34219.0000 33936.0000 34004.0000 35464.0000 38295.0000 38627.0000 38512.0000 35894.0000 33351.0000 
29647.0000 26921.0000 25290.0000 24308.0000 23882.0000 24080.0000 25285.0000 29132.0000 34204.0000 35899.0000 37226.0000 37060.0000 36465.0000 35900.0000 34720.0000 33608.0000 33063.0000 32750.0000 34148.0000 36800.0000 36983.0000 36579.0000 35007.0000 32795.0000 
30104.0000 27319.0000 25429.0000 24239.0000 23575.0000 22843.0000 23147.0000 24236.0000 25972.0000 28000.0000 30985.0000 31826.0000 30959.0000 30824.0000 30821.0000 29473.0000 28395.0000 28036.0000 29442.0000 32317.0000 32964.0000 33282.0000 32504.0000 30834.0000 
28428.0000 25882.0000 23712.0000 22104.0000 21614.0000 21502.0000 21588.0000 22321.0000 23271.0000 23596.0000 26000.0000 27462.0000 28033.0000 27807.0000 28371.0000 27232.0000 26277.0000 25978.0000 27423.0000 30842.0000 32086.0000 33041.0000 32176.0000 30571.0000 
27587.0000 24825.0000 23018.0000 22463.0000 22057.0000 22411.0000 24034.0000 27980.0000 33564.0000 35139.0000 36580.0000 36558.0000 36071.0000 35427.0000 34482.0000 33385.0000 33449.0000 33315.0000 34284.0000 37016.0000 37271.0000 37183.0000 34945.0000 32495.0000 
29010.0000 26733.0000 25019.0000 24026.0000 23924.0000 24008.0000 25008.0000 28791.0000 34169.0000 35530.0000 36438.0000 36414.0000 35931.0000 35265.0000 34332.0000 33354.0000 32981.0000 33002.0000 34201.0000 37154.0000 37631.0000 37353.0000 35495.0000 32296.0000 
29133.0000 26888.0000 25061.0000 24141.0000 23659.0000 24029.0000 24915.0000 28875.0000 33686.0000 34980.0000 36302.0000 36328.0000 35511.0000 35617.0000 34590.0000 33437.0000 33380.0000 33365.0000 34509.0000 37381.0000 37651.0000 37466.0000 35190.0000 32004.0000 
28888.0000 26660.0000 24645.0000 24251.0000 23621.0000 23756.0000 25127.0000 28690.0000 33502.0000 34999.0000 36134.0000 36179.0000 35603.0000 35311.0000 34731.0000 33493.0000 33436.0000 33669.0000 34700.0000 37185.0000 37539.0000 37038.0000 35020.0000 32372.0000 
29261.0000 27107.0000 25407.0000 24118.0000 24011.0000 24040.0000 25127.0000 28863.0000 33409.0000 34776.0000 36004.0000 36379.0000 36014.0000 35907.0000 34983.0000 33864.0000 33657.0000 33422.0000 34266.0000 36817.0000 36833.0000 36332.0000 34891.0000 32331.0000 
30052.0000 27577.0000 25827.0000 24106.0000 23664.0000 23778.0000 23184.0000 24506.0000 26163.0000 28209.0000 31650.0000 32788.0000 32227.0000 31711.0000 31362.0000 30122.0000 29559.0000 28726.0000 29863.0000 33117.0000 33646.0000 33954.0000 33000.0000 31490.0000 
28819.0000 25953.0000 24193.0000 22906.0000 22228.0000 21920.0000 21937.0000 22628.0000 23532.0000 24235.0000 27297.0000 29573.0000 30233.0000 30491.0000 31279.0000 30157.0000 28899.0000 28527.0000 29536.0000 32314.0000 33438.0000 33783.0000 33357.0000 31270.0000 
28011.0000 25473.0000 23635.0000 23028.0000 22595.0000 22847.0000 24498.0000 28288.0000 33747.0000 35670.0000 37748.0000 38339.0000 38205.0000 37852.0000 37092.0000 36268.0000 35919.0000 35850.0000 36693.0000 39190.0000 39315.0000 38908.0000 36365.0000 33150.0000 
29898.0000 27258.0000 25667.0000 24820.0000 24358.0000 24591.0000 25782.0000 30059.0000 34951.0000 36696.0000 38154.0000 38522.0000 38114.0000 38302.0000 37305.0000 36462.0000 36146.0000 36462.0000 37457.0000 40082.0000 40503.0000 39924.0000 37445.0000 34328.0000 
30651.0000 27938.0000 25914.0000 25043.0000 24560.0000 24733.0000 25749.0000 29937.0000 34845.0000 36789.0000 38591.0000 38510.0000 38320.0000 37996.0000 37344.0000 36562.0000 36285.0000 36474.0000 37319.0000 39992.0000 40329.0000 39862.0000 37454.0000 34617.0000 
31001.0000 28007.0000 26290.0000 25360.0000 24734.0000 25039.0000 26136.0000 30192.0000 34731.0000 36341.0000 37952.0000 38276.0000 37769.0000 37638.0000 36694.0000 35791.0000 35517.0000 35638.0000 36447.0000 39420.0000 39883.0000 39405.0000 37450.0000 34300.0000 
30834.0000 28067.0000 26311.0000 25098.0000 25190.0000 25169.0000 26261.0000 29986.0000 35054.0000 36753.0000 38093.0000 38123.0000 37333.0000 37149.0000 35826.0000 34814.0000 34596.0000 34328.0000 34810.0000 37987.0000 38338.0000 38107.0000 36435.0000 33824.0000 
31283.0000 28290.0000 26415.0000 24892.0000 24421.0000 24041.0000 24113.0000 25325.0000 26856.0000 29007.0000 32278.0000 33564.0000 32784.0000 32294.0000 32264.0000 30884.0000 30138.0000 29536.0000 29978.0000 33562.0000 34187.0000 34661.0000 33708.0000 31695.0000 
29320.0000 26327.0000 24275.0000 23192.0000 22478.0000 22614.0000 22595.0000 23224.0000 24122.0000 24876.0000 27304.0000 28732.0000 28656.0000 28537.0000 29183.0000 28306.0000 27470.0000 26819.0000 27191.0000 31317.0000 32994.0000 33906.0000 33337.0000 31595.0000 
28542.0000 25639.0000 23684.0000 23116.0000 22707.0000 22951.0000 24448.0000 28795.0000 33941.0000 35683.0000 37489.0000 37471.0000 36738.0000 36412.0000 35549.0000 34373.0000 34453.0000 34486.0000 35020.0000 38053.0000 38842.0000 38588.0000 36506.0000 33199.0000 
29797.0000 27397.0000 25337.0000 24391.0000 24411.0000 24542.0000 25901.0000 29517.0000 34626.0000 36064.0000 37184.0000 37332.0000 36506.0000 36230.0000 35130.0000 34583.0000 34346.0000 34127.0000 34570.0000 37764.0000 38783.0000 38277.0000 36182.0000 33081.0000 
29968.0000 27659.0000 25858.0000 24784.0000 24535.0000 24732.0000 25959.0000 29169.0000 34603.0000 35902.0000 37245.0000 36861.0000 36124.0000 35763.0000 34724.0000 33953.0000 33704.0000 33437.0000 34218.0000 37477.0000 38262.0000 37854.0000 36072.0000 32994.0000 
29856.0000 27100.0000 25382.0000 24571.0000 24171.0000 24246.0000 25379.0000 29401.0000 34165.0000 35173.0000 36328.0000 36350.0000 35972.0000 35785.0000 35386.0000 34420.0000 34320.0000 34212.0000 35007.0000 37471.0000 38171.0000 37901.0000 35749.0000 33017.0000 
30006.0000 27639.0000 25857.0000 25051.0000 24468.0000 24579.0000 25576.0000 28740.0000 33392.0000 34635.0000 36010.0000 36355.0000 35949.0000 35801.0000 35051.0000 34016.0000 33461.0000 33533.0000 33935.0000 36450.0000 36545.0000 36227.0000 34398.0000 32197.0000 
29970.0000 27923.0000 25839.0000 24365.0000 23858.0000 23684.0000 23715.0000 24475.0000 25843.0000 27886.0000 30542.0000 32104.0000 31730.0000 31544.0000 31633.0000 30084.0000 28985.0000 28658.0000 29162.0000 31807.0000 32972.0000 33273.0000 32223.0000 30576.0000 
28468.0000 25768.0000 23988.0000 22537.0000 22397.0000 21965.0000 22043.0000 22516.0000 23217.0000 24451.0000 27060.0000 28482.0000 29198.0000 29000.0000 29460.0000 28507.0000 27439.0000 27033.0000 27531.0000 30808.0000 33046.0000 33721.0000 33033.0000 31177.0000 
28095.0000 25310.0000 23937.0000 22925.0000 22836.0000 22894.0000 24660.0000 28801.0000 33822.0000 35712.0000 37290.0000 37739.0000 37627.0000 37526.0000 36990.0000 35959.0000 35806.0000 35691.0000 36153.0000 38429.0000 39075.0000 38520.0000 36196.0000 33551.0000 
29854.0000 27817.0000 25929.0000 25108.0000 24750.0000 24967.0000 25968.0000 29859.0000 34615.0000 36167.0000 37452.0000 38074.0000 37807.0000 37421.0000 36783.0000 35730.0000 35681.0000 35919.0000 36335.0000 38748.0000 39563.0000 39034.0000 36710.0000 33790.0000 
30671.0000 28636.0000 26701.0000 25619.0000 25207.0000 25224.0000 26442.0000 30378.0000 35103.0000 36695.0000 38546.0000 38690.0000 38573.0000 38627.0000 37650.0000 36721.0000 36498.0000 36625.0000 36807.0000 39578.0000 40579.0000 39840.0000 37720.0000 34691.0000 
30792.0000 28174.0000 26394.0000 25509.0000 25579.0000 25722.0000 26673.0000 30324.0000 35418.0000 36822.0000 38699.0000 38741.0000 38426.0000 38359.0000 37318.0000 36097.0000 36207.0000 36019.0000 36471.0000 39259.0000 40293.0000 39981.0000 37825.0000 34746.0000 
30962.0000 28413.0000 26649.0000 25867.0000 25313.0000 25397.0000 26485.0000 30813.0000 35755.0000 37391.0000 38851.0000 39024.0000 38615.0000 38267.0000 37317.0000 36215.0000 36105.0000 35865.0000 36269.0000 39039.0000 39513.0000 38839.0000 37349.0000 35009.0000 
31601.0000 29001.0000 26858.0000 25269.0000 24589.0000 24564.0000 24760.0000 25484.0000 27503.0000 29952.0000 33762.0000 35746.0000 35519.0000 35035.0000 34738.0000 33802.0000 32655.0000 31758.0000 32031.0000 34185.0000 35734.0000 35744.0000 34827.0000 32930.0000 
30047.0000 27811.0000 25348.0000 23956.0000 23095.0000 22709.0000 22891.0000 23552.0000 24429.0000 25462.0000 28665.0000 30485.0000 30565.0000 30264.0000 30806.0000 29890.0000 28566.0000 28187.0000 28430.0000 31771.0000 33976.0000 35149.0000 34543.0000 32774.0000 
29214.0000 26391.0000 24397.0000 23645.0000 23092.0000 23480.0000 25282.0000 29748.0000 34940.0000 37433.0000 38808.0000 39383.0000 38488.0000 38232.0000 37292.0000 36231.0000 35823.0000 35600.0000 35995.0000 38457.0000 40230.0000 39626.0000 37165.0000 34075.0000 
30809.0000 28331.0000 26607.0000 25483.0000 25312.0000 25445.0000 26728.0000 30955.0000 35458.0000 37608.0000 38639.0000 38886.0000 38197.0000 37926.0000 36879.0000 36260.0000 35653.0000 35421.0000 35701.0000 38396.0000 39603.0000 39361.0000 37202.0000 34299.0000 
30588.0000 28285.0000 26133.0000 25496.0000 24974.0000 25204.0000 26550.0000 30394.0000 35280.0000 36626.0000 38060.0000 38360.0000 37901.0000 37561.0000 36574.0000 35411.0000 34828.0000 35088.0000 35434.0000 37907.0000 39162.0000 38988.0000 36475.0000 33896.0000 
30128.0000 27583.0000 26009.0000 25070.0000 24835.0000 24801.0000 26056.0000 29914.0000 34588.0000 36281.0000 37495.0000 37778.0000 37326.0000 37129.0000 35983.0000 35032.0000 35094.0000 35180.0000 35341.0000 37554.0000 38588.0000 38649.0000 36489.0000 33712.0000 
30131.0000 27819.0000 26005.0000 25013.0000 24504.0000 24651.0000 25812.0000 29546.0000 33979.0000 35730.0000 36906.0000 37057.0000 36039.0000 35707.0000 34702.0000 33358.0000 32947.0000 32921.0000 33309.0000 35567.0000 36756.0000 36678.0000 34878.0000 32459.0000 
29972.0000 27940.0000 25883.0000 24514.0000 23937.0000 23783.0000 23506.0000 24459.0000 26173.0000 28222.0000 31033.0000 32557.0000 32460.0000 32216.0000 32110.0000 30602.0000 29798.0000 29029.0000 29264.0000 31545.0000 33024.0000 32594.0000 31693.0000 30147.0000 
28019.0000 26049.0000 24133.0000 23137.0000 22643.0000 22188.0000 21974.0000 22686.0000 23343.0000 24367.0000 26438.0000 28291.0000 28656.0000 28573.0000 29052.0000 27946.0000 26730.0000 26385.0000 26385.0000 28335.0000 30520.0000 31550.0000 31333.0000 29710.0000 
27187.0000 24843.0000 23089.0000 22453.0000 22090.0000 22291.0000 23909.0000 27802.0000 31415.0000 33528.0000 35186.0000 35401.0000 34987.0000 34996.0000 34339.0000 33313.0000 33000.0000 32772.0000 32805.0000 34817.0000 36511.0000 36536.0000 34456.0000 31863.0000 
29021.0000 26462.0000 24878.0000 24180.0000 23808.0000 24268.0000 25321.0000 29076.0000 32482.0000 34451.0000 35982.0000 36545.0000 36498.0000 36429.0000 35662.0000 34289.0000 34081.0000 33968.0000 33817.0000 36141.0000 37893.0000 37902.0000 35381.0000 32218.0000 
29263.0000 26614.0000 25477.0000 24681.0000 24394.0000 24547.0000 25916.0000 29398.0000 33453.0000 35239.0000 36652.0000 36628.0000 36299.0000 36458.0000 35134.0000 34295.0000 33938.0000 33481.0000 33363.0000 35248.0000 37326.0000 37061.0000 34937.0000 32302.0000 
28942.0000 26759.0000 24984.0000 24016.0000 23916.0000 23933.0000 25201.0000 29191.0000 33254.0000 34859.0000 35567.0000 35666.0000 34972.0000 34713.0000 33858.0000 32802.0000 32755.0000 32409.0000 32630.0000 34981.0000 37149.0000 36877.0000 35004.0000 32295.0000 
29094.0000 26701.0000 24954.0000 24309.0000 23810.0000 24052.0000 25292.0000 29222.0000 33465.0000 35036.0000 36096.0000 36415.0000 35619.0000 35287.0000 34381.0000 32746.0000 32522.0000 32477.0000 32521.0000 34659.0000 36023.0000 35985.0000 34103.0000 31778.0000 
29246.0000 26759.0000 25106.0000 23972.0000 23318.0000 23042.0000 22915.0000 24402.0000 25106.0000 28086.0000 30990.0000 32263.0000 31901.0000 31987.0000 31705.0000 29891.0000 29250.0000 28299.0000 28611.0000 30111.0000 32395.0000 33244.0000 31897.0000 30361.0000 
27967.0000 25835.0000 23764.0000 22306.0000 21788.0000 21585.0000 21975.0000 22640.0000 22737.0000 24122.0000 26599.0000 28470.0000 28434.0000 28239.0000 28504.0000 27227.0000 26274.0000 25751.0000 26083.0000 28095.0000 31486.0000 32240.0000 31758.0000 29949.0000 
27187.0000 24739.0000 23255.0000 22657.0000 22204.0000 22683.0000 24212.0000 28065.0000 32403.0000 34020.0000 35553.0000 35846.0000 35446.0000 35472.0000 34776.0000 33583.0000 33060.0000 33070.0000 32941.0000 34873.0000 37009.0000 36786.0000 34560.0000 31967.0000 
28950.0000 26747.0000 25103.0000 24555.0000 24017.0000 24327.0000 25688.0000 29358.0000 33374.0000 35204.0000 35987.0000 35990.0000 35828.0000 35827.0000 35036.0000 33810.0000 33230.0000 33091.0000 33412.0000 34952.0000 37545.0000 37544.0000 35060.0000 32256.0000 
29276.0000 26902.0000 25171.0000 24333.0000 24285.0000 24297.0000 25799.0000 29579.0000 33318.0000 34952.0000 35789.0000 35873.0000 35521.0000 35594.0000 34834.0000 33718.0000 33169.0000 32844.0000 33071.0000 34524.0000 37031.0000 36834.0000 34768.0000 32235.0000 
29012.0000 26885.0000 25322.0000 24586.0000 24192.0000 24367.0000 25618.0000 28842.0000 32223.0000 34083.0000 34895.0000 34477.0000 34454.0000 34593.0000 33924.0000 32915.0000 32659.0000 32459.0000 32543.0000 33564.0000 36027.0000 35857.0000 33813.0000 31175.0000 
28121.0000 26481.0000 25043.0000 24211.0000 24108.0000 24462.0000 24976.0000 28830.0000 31471.0000 33371.0000 34289.0000 34396.0000 34047.0000 33919.0000 32979.0000 31879.0000 31488.0000 31132.0000 30849.0000 31934.0000 34578.0000 34220.0000 32694.0000 30561.0000 
28435.0000 26652.0000 24581.0000 23168.0000 22826.0000 22376.0000 22596.0000 23732.0000 24466.0000 27286.0000 29649.0000 30636.0000 30005.0000 29596.0000 29467.0000 28161.0000 27245.0000 26564.0000 26433.0000 27857.0000 30434.0000 30733.0000 29989.0000 28531.0000 
26528.0000 24323.0000 22760.0000 21634.0000 21040.0000 20910.0000 21322.0000 21863.0000 21537.0000 23597.0000 25631.0000 26511.0000 26824.0000 26568.0000 26998.0000 25722.0000 25107.0000 24369.0000 24369.0000 25511.0000 28876.0000 29874.0000 29478.0000 28175.0000 
25484.0000 23495.0000 22431.0000 21570.0000 21573.0000 21869.0000 23222.0000 27138.0000 30445.0000 32500.0000 33583.0000 33660.0000 33546.0000 33516.0000 32670.0000 31267.0000 31154.0000 30654.0000 30578.0000 31486.0000 34436.0000 34209.0000 31988.0000 29190.0000 
26944.0000 24795.0000 23393.0000 22773.0000 22696.0000 22716.0000 23902.0000 27238.0000 30335.0000 32365.0000 33121.0000 33155.0000 32949.0000 33153.0000 32092.0000 30912.0000 30546.0000 30419.0000 30294.0000 31536.0000 34503.0000 34414.0000 32179.0000 29472.0000 
26667.0000 24928.0000 23867.0000 23126.0000 22713.0000 23169.0000 23919.0000 27929.0000 30498.0000 32142.0000 33144.0000 33652.0000 33421.0000 33487.0000 32455.0000 31744.0000 31142.0000 30843.0000 30867.0000 32160.0000 35226.0000 35006.0000 32830.0000 30137.0000 
27501.0000 25515.0000 24392.0000 23951.0000 23469.0000 23569.0000 24477.0000 28437.0000 31264.0000 33140.0000 33961.0000 34014.0000 33738.0000 33711.0000 32658.0000 31467.0000 30908.0000 30687.0000 30654.0000 31517.0000 35267.0000 35272.0000 33056.0000 30402.0000 
27563.0000 25827.0000 24637.0000 23569.0000 23151.0000 23590.0000 24716.0000 27989.0000 31464.0000 33509.0000 34219.0000 34520.0000 33675.0000 33426.0000 32019.0000 31337.0000 30655.0000 29986.0000 30084.0000 30741.0000 34019.0000 34198.0000 32176.0000 30126.0000 
27602.0000 25643.0000 24059.0000 22935.0000 22424.0000 22089.0000 21956.0000 23262.0000 23971.0000 26443.0000 28711.0000 29492.0000 29026.0000 28539.0000 28351.0000 27038.0000 26015.0000 25597.0000 25081.0000 25819.0000 29238.0000 29921.0000 29282.0000 27569.0000 
25521.0000 23595.0000 22019.0000 20801.0000 20498.0000 20741.0000 20614.0000 20938.0000 20532.0000 22653.0000 25029.0000 25995.0000 26016.0000 25370.0000 25764.0000 24909.0000 23819.0000 23388.0000 23625.0000 24722.0000 28444.0000 29495.0000 29068.0000 27449.0000 
25042.0000 23012.0000 21748.0000 21449.0000 21223.0000 21237.0000 22867.0000 27032.0000 30118.0000 32102.0000 33450.0000 33293.0000 32894.0000 32700.0000 31467.0000 30586.0000 30108.0000 29808.0000 29848.0000 30603.0000 34548.0000 34577.0000 32230.0000 29211.0000 
26680.0000 24802.0000 23603.0000 22998.0000 22549.0000 22866.0000 23931.0000 27506.0000 30531.0000 32375.0000 33336.0000 32635.0000 32582.0000 32776.0000 31898.0000 30856.0000 29996.0000 29948.0000 29889.0000 30399.0000 34443.0000 34601.0000 32323.0000 29575.0000 
26886.0000 25115.0000 23448.0000 22745.0000 22576.0000 22923.0000 23892.0000 27226.0000 30211.0000 32102.0000 32955.0000 32887.0000 32686.0000 32501.0000 31405.0000 30490.0000 30134.0000 29832.0000 29612.0000 30272.0000 33819.0000 34066.0000 31829.0000 29081.0000 
26431.0000 24706.0000 23338.0000 22818.0000 22569.0000 22767.0000 23843.0000 27104.0000 29734.0000 31664.0000 32348.0000 32474.0000 32225.0000 32163.0000 31320.0000 30391.0000 30055.0000 29647.0000 29632.0000 30561.0000 34144.0000 34175.0000 31760.0000 29334.0000 
26923.0000 24936.0000 23847.0000 23135.0000 22964.0000 23185.0000 24161.0000 27440.0000 29964.0000 32013.0000 32922.0000 33031.0000 32649.0000 32761.0000 31465.0000 30362.0000 29649.0000 29399.0000 29722.0000 30092.0000 33629.0000 33349.0000 31369.0000 29292.0000 
26557.0000 25295.0000 24101.0000 22890.0000 22452.0000 22332.0000 22342.0000 23160.0000 23966.0000 26873.0000 29269.0000 30266.0000 29981.0000 29936.0000 29415.0000 27828.0000 26641.0000 26137.0000 26272.0000 27263.0000 30519.0000 31064.0000 30173.0000 28265.0000 
26019.0000 23863.0000 22136.0000 21387.0000 20989.0000 20661.0000 21098.0000 21474.0000 21430.0000 23217.0000 25343.0000 26448.0000 26976.0000 26655.0000 27234.0000 26230.0000 24905.0000 24731.0000 24856.0000 26136.0000 29821.0000 31129.0000 30368.0000 28354.0000 
25542.0000 23432.0000 21923.0000 21748.0000 21572.0000 21934.0000 23269.0000 27013.0000 30733.0000 33085.0000 34400.0000 34870.0000 34016.0000 34100.0000 32916.0000 31924.0000 31307.0000 31045.0000 30696.0000 31345.0000 35507.0000 35587.0000 33482.0000 30389.0000 
27440.0000 25602.0000 24161.0000 23591.0000 23433.0000 23492.0000 24553.0000 28110.0000 31215.0000 33284.0000 34322.0000 34403.0000 34129.0000 34305.0000 33279.0000 32234.0000 31860.0000 31937.0000 31744.0000 32570.0000 35939.0000 36225.0000 33613.0000 30958.0000 
28024.0000 25743.0000 24392.0000 23547.0000 23198.0000 23411.0000 24496.0000 27926.0000 30653.0000 33215.0000 34599.0000 35124.0000 34904.0000 35014.0000 34005.0000 33188.0000 32542.0000 32520.0000 32441.0000 32831.0000 35833.0000 35714.0000 33272.0000 30726.0000 
27947.0000 25481.0000 24248.0000 23382.0000 23031.0000 22842.0000 23894.0000 25314.0000 27379.0000 29256.0000 31106.0000 31854.0000 32157.0000 32055.0000 31503.0000 30166.0000 29853.0000 29394.0000 29559.0000 30409.0000 33241.0000 33758.0000 32168.0000 30099.0000 
27150.0000 25176.0000 23824.0000 22707.0000 22401.0000 22501.0000 23407.0000 25982.0000 28816.0000 31098.0000 33396.0000 34056.0000 33952.0000 34143.0000 33234.0000 32088.0000 31293.0000 31189.0000 31184.0000 31715.0000 34256.0000 34314.0000 32441.0000 30141.0000 
27570.0000 25603.0000 23895.0000 22843.0000 22100.0000 21937.0000 22390.0000 23077.0000 23915.0000 26824.0000 29343.0000 30465.0000 30651.0000 30790.0000 30571.0000 29222.0000 28050.0000 27629.0000 27787.0000 28463.0000 30912.0000 31456.0000 30488.0000 28821.0000 
26473.0000 24313.0000 22167.0000 21250.0000 20764.0000 20830.0000 20798.0000 21148.0000 21058.0000 23198.0000 25718.0000 27185.0000 27451.0000 27661.0000 28153.0000 27021.0000 25980.0000 25702.0000 25522.0000 26482.0000 30181.0000 30977.0000 30290.0000 28889.0000 
26045.0000 23587.0000 22483.0000 21669.0000 21266.0000 21490.0000 22878.0000 26563.0000 30749.0000 33104.0000 35035.0000 35202.0000 35051.0000 35477.0000 34419.0000 33222.0000 32934.0000 32721.0000 32799.0000 33493.0000 36140.0000 36438.0000 33837.0000 31097.0000 
27953.0000 25631.0000 24436.0000 23636.0000 23519.0000 23441.0000 24621.0000 27617.0000 31280.0000 33844.0000 35360.0000 35865.0000 35839.0000 35979.0000 34703.0000 33749.0000 33144.0000 32692.0000 32677.0000 33188.0000 36345.0000 36315.0000 34027.0000 31137.0000 
28043.0000 25962.0000 24343.0000 23422.0000 23364.0000 23660.0000 24816.0000 27861.0000 31440.0000 33875.0000 34862.0000 35224.0000 34949.0000 34856.0000 33774.0000 32801.0000 32363.0000 32298.0000 32294.0000 32405.0000 35637.0000 36060.0000 33884.0000 30879.0000 
27938.0000 25782.0000 24279.0000 23503.0000 23207.0000 23309.0000 24123.0000 27042.0000 31057.0000 33422.0000 34880.0000 35000.0000 34681.0000 34553.0000 33562.0000 32322.0000 32157.0000 31985.0000 31830.0000 32177.0000 35350.0000 35980.0000 33875.0000 31319.0000 
28438.0000 25994.0000 24452.0000 23750.0000 23106.0000 23174.0000 24455.0000 27229.0000 30315.0000 32127.0000 33343.0000 33721.0000 33110.0000 32969.0000 32263.0000 31439.0000 30598.0000 30242.0000 30093.0000 30129.0000 33096.0000 33602.0000 31828.0000 29840.0000 
27606.0000 25487.0000 23956.0000 22807.0000 22421.0000 22056.0000 22262.0000 22625.0000 23831.0000 26002.0000 28232.0000 28614.0000 28669.0000 28238.0000 28052.0000 26662.0000 25522.0000 24901.0000 25001.0000 25273.0000 28499.0000 29766.0000 28718.0000 26735.0000 
24891.0000 22975.0000 22975.0000 21304.0000 20515.0000 20168.0000 20353.0000 20839.0000 21013.0000 21815.0000 23805.0000 24724.0000 25415.0000 25076.0000 24974.0000 24589.0000 24130.0000 23495.0000 23134.0000 23340.0000 23885.0000 27718.0000 27855.0000 26390.0000 
24806.0000 23135.0000 21693.0000 20966.0000 20842.0000 20728.0000 22047.0000 24756.0000 27092.0000 29343.0000 31153.0000 31728.0000 31828.0000 31680.0000 30946.0000 29680.0000 29080.0000 28743.0000 28617.0000 28404.0000 27923.0000 30940.0000 30360.0000 27975.0000 
26182.0000 24271.0000 23091.0000 22202.0000 21664.0000 21968.0000 22421.0000 25481.0000 27630.0000 29302.0000 30691.0000 31195.0000 31358.0000 31160.0000 30609.0000 29266.0000 28872.0000 28642.0000 28392.0000 27890.0000 28111.0000 31023.0000 30155.0000 28050.0000 
25912.0000 24415.0000 23094.0000 22264.0000 21912.0000 21889.0000 22680.0000 25356.0000 27132.0000 29104.0000 30406.0000 30840.0000 30794.0000 30559.0000 29907.0000 28984.0000 28139.0000 28030.0000 27713.0000 27424.0000 27343.0000 30135.0000 29540.0000 27056.0000 
25029.0000 23531.0000 22071.0000 21136.0000 20720.0000 20382.0000 20385.0000 21360.0000 21935.0000 23376.0000 25443.0000 26069.0000 26373.0000 26066.0000 25733.0000 24636.0000 23831.0000 23386.0000 23203.0000 23289.0000 23675.0000 26673.0000 26545.0000 24842.0000 
23403.0000 21648.0000 20319.0000 19599.0000 19092.0000 18930.0000 18860.0000 19564.0000 19087.0000 20413.0000 21871.0000 22902.0000 23001.0000 22889.0000 23139.0000 22204.0000 21516.0000 20987.0000 20999.0000 21194.0000 22109.0000 24932.0000 25202.0000 24189.0000 
22651.0000 21283.0000 20028.0000 19409.0000 18938.0000 18688.0000 19123.0000 19754.0000 20255.0000 21834.0000 24237.0000 24849.0000 25018.0000 24708.0000 24931.0000 24107.0000 23213.0000 22943.0000 22979.0000 22772.0000 23487.0000 26736.0000 27249.0000 25296.0000 
23680.0000 21795.0000 20295.0000 19470.0000 19096.0000 18920.0000 18866.0000 19549.0000 19016.0000 20211.0000 22334.0000 23315.0000 23646.0000 23359.0000 23548.0000 22798.0000 21700.0000 21291.0000 21270.0000 21421.0000 22351.0000 25912.0000 26512.0000 25054.0000 
22946.0000 21150.0000 19978.0000 19203.0000 18552.0000 18643.0000 19343.0000 21273.0000 22253.0000 24125.0000 26003.0000 26575.0000 26814.0000 26777.0000 26653.0000 25429.0000 24496.0000 24448.0000 24270.0000 24347.0000 24992.0000 28571.0000 28624.0000 26358.0000 
23954.0000 22229.0000 21396.0000 20397.0000 20085.0000 20429.0000 21574.0000 24846.0000 27651.0000 29662.0000 30968.0000 31053.0000 31341.0000 31318.0000 30356.0000 29364.0000 28986.0000 28862.0000 28449.0000 28479.0000 28511.0000 31882.0000 31397.0000 28318.0000 
25811.0000 24040.0000 22774.0000 22263.0000 22301.0000 22153.0000 23309.0000 26089.0000 28484.0000 30368.0000 31482.0000 31678.0000 31705.0000 31881.0000 30883.0000 30183.0000 29718.0000 29371.0000 29151.0000 29070.0000 29626.0000 32804.0000 31675.0000 28494.0000 
26140.0000 24445.0000 23122.0000 22825.0000 22283.0000 22295.0000 22953.0000 26047.0000 28452.0000 30639.0000 32081.0000 32290.0000 32468.0000 32252.0000 31461.0000 30596.0000 30430.0000 30278.0000 29792.0000 29769.0000 30323.0000 32838.0000 31800.0000 28974.0000 
26341.0000 24482.0000 22963.0000 22568.0000 22113.0000 22063.0000 23238.0000 26199.0000 28889.0000 30845.0000 32025.0000 32244.0000 32435.0000 32399.0000 31121.0000 30036.0000 29592.0000 28890.0000 28765.0000 28407.0000 28713.0000 31245.0000 31160.0000 28741.0000 
26528.0000 24945.0000 23025.0000 22370.0000 21639.0000 21262.0000 21327.0000 22394.0000 22665.0000 24950.0000 27837.0000 28711.0000 28742.0000 28535.0000 28671.0000 27203.0000 25828.0000 25221.0000 25236.0000 25046.0000 25713.0000 28446.0000 28654.0000 26408.0000 
25004.0000 23052.0000 21460.0000 20627.0000 20128.0000 19882.0000 20266.0000 20433.0000 20164.0000 21753.0000 23472.0000 24744.0000 24996.0000 25116.0000 25539.0000 24735.0000 24167.0000 23413.0000 23044.0000 23551.0000 24231.0000 27161.0000 28190.0000 26440.0000 
24159.0000 22427.0000 21522.0000 20770.0000 20723.0000 20929.0000 21881.0000 24888.0000 27550.0000 29553.0000 30547.0000 30832.0000 31085.0000 31367.0000 30361.0000 29554.0000 29178.0000 28763.0000 28635.0000 28252.0000 28497.0000 31100.0000 30642.0000 27642.0000 
25378.0000 24036.0000 22705.0000 21939.0000 21792.0000 21740.0000 22774.0000 25929.0000 28563.0000 30408.0000 31206.0000 31566.0000 31301.0000 31608.0000 30918.0000 29986.0000 29881.0000 29364.0000 29033.0000 28885.0000 29285.0000 31909.0000 30922.0000 28006.0000 
26077.0000 24676.0000 23229.0000 22503.0000 22509.0000 22526.0000 23480.0000 26134.0000 28733.0000 30560.0000 31635.0000 31901.0000 32112.0000 32294.0000 31612.0000 30284.0000 30124.0000 29539.0000 29344.0000 29323.0000 29751.0000 32049.0000 31069.0000 28546.0000 
25664.0000 24043.0000 23098.0000 22285.0000 22189.0000 22301.0000 22841.0000 25784.0000 28691.0000 30495.0000 31274.0000 31609.0000 31800.0000 31976.0000 31050.0000 29699.0000 29476.0000 29362.0000 29229.0000 29364.0000 29683.0000 31892.0000 31438.0000 28567.0000 
26112.0000 24554.0000 22741.0000 22443.0000 22067.0000 22220.0000 22938.0000 26337.0000 28594.0000 30284.0000 31075.0000 31476.0000 31151.0000 31552.0000 30504.0000 29394.0000 28984.0000 28655.0000 28446.0000 28226.0000 28523.0000 30182.0000 30147.0000 27971.0000 
25856.0000 24287.0000 23076.0000 22045.0000 21356.0000 21113.0000 21238.0000 22050.0000 22671.0000 24827.0000 26768.0000 27693.0000 27536.0000 27540.0000 27509.0000 25959.0000 25140.0000 24520.0000 24399.0000 24453.0000 25125.0000 27209.0000 28103.0000 26153.0000 
24366.0000 22699.0000 21079.0000 20235.0000 19947.0000 19513.0000 19500.0000 20076.0000 19829.0000 21396.0000 23035.0000 24473.0000 24691.0000 24562.0000 25303.0000 23899.0000 22957.0000 22466.0000 22444.0000 22439.0000 23375.0000 26228.0000 27850.0000 26169.0000 
23899.0000 21828.0000 21108.0000 20496.0000 20231.0000 20817.0000 21850.0000 24994.0000 27698.0000 29703.0000 30516.0000 30667.0000 30774.0000 30942.0000 30227.0000 29175.0000 28942.0000 28767.0000 28778.0000 28194.0000 28366.0000 30462.0000 30528.0000 27792.0000 
25458.0000 23556.0000 22589.0000 21930.0000 21859.0000 22085.0000 22876.0000 25701.0000 27935.0000 30104.0000 30703.0000 31119.0000 31000.0000 31381.0000 30373.0000 29500.0000 29544.0000 28974.0000 28764.0000 28448.0000 28831.0000 31011.0000 30757.0000 27936.0000 
25507.0000 24287.0000 22979.0000 22162.0000 21922.0000 22174.0000 22750.0000 25458.0000 27935.0000 29686.0000 30846.0000 31261.0000 31323.0000 31559.0000 30291.0000 29331.0000 28740.0000 28821.0000 28370.0000 27934.0000 28499.0000 29933.0000 30081.0000 27789.0000 
25385.0000 24171.0000 22778.0000 22187.0000 21895.0000 21729.0000 22414.0000 25139.0000 27256.0000 29052.0000 29907.0000 30192.0000 30269.0000 30203.0000 29367.0000 28388.0000 28027.0000 28118.0000 27901.0000 27650.0000 27739.0000 29747.0000 30179.0000 27440.0000 
25402.0000 23694.0000 22606.0000 21904.0000 21550.0000 21443.0000 22594.0000 25234.0000 27267.0000 29043.0000 30305.0000 30744.0000 30831.0000 30944.0000 30097.0000 29221.0000 28746.0000 28475.0000 28103.0000 28135.0000 28144.0000 29923.0000 29883.0000 27539.0000 
25178.0000 24085.0000 22875.0000 22089.0000 21595.0000 21290.0000 21482.0000 22022.0000 22635.0000 24657.0000 27205.0000 28289.0000 27839.0000 28060.0000 27828.0000 26417.0000 25509.0000 24731.0000 24334.0000 24456.0000 24981.0000 26874.0000 27828.0000 25817.0000 
24182.0000 22631.0000 21020.0000 20522.0000 20052.0000 19757.0000 19571.0000 19952.0000 19821.0000 21281.0000 23348.0000 24851.0000 25183.0000 25637.0000 25611.0000 24993.0000 23689.0000 23177.0000 23078.0000 23439.0000 24447.0000 26399.0000 27947.0000 26131.0000 
23867.0000 22507.0000 21402.0000 20527.0000 20235.0000 20613.0000 22084.0000 24830.0000 27743.0000 29339.0000 30247.0000 30881.0000 31169.0000 31434.0000 30307.0000 29592.0000 29403.0000 29167.0000 29060.0000 28639.0000 28823.0000 30584.0000 30914.0000 27540.0000 
25334.0000 23862.0000 22505.0000 22117.0000 21814.0000 22000.0000 22914.0000 25290.0000 27965.0000 29810.0000 30695.0000 31062.0000 30968.0000 31221.0000 30164.0000 29384.0000 29066.0000 28932.0000 28577.0000 28229.0000 28588.0000 30013.0000 31239.0000 27771.0000 
25193.0000 23711.0000 22623.0000 21970.0000 21833.0000 21932.0000 22674.0000 25796.0000 28365.0000 29928.0000 30789.0000 31106.0000 31116.0000 31191.0000 30388.0000 29359.0000 29116.0000 29209.0000 28983.0000 28599.0000 28794.0000 30295.0000 30749.0000 27798.0000 
25422.0000 24197.0000 23147.0000 22181.0000 22221.0000 22298.0000 23185.0000 25981.0000 28347.0000 29938.0000 31001.0000 31145.0000 31060.0000 31401.0000 30565.0000 29540.0000 29419.0000 29314.0000 29301.0000 28702.0000 28646.0000 29379.0000 30061.0000 27701.0000 
25430.0000 24264.0000 22757.0000 21462.0000 20622.0000 20515.0000 20018.0000 20091.0000 19783.0000 21708.0000 23161.0000 24082.0000 24531.0000 24645.0000 24790.0000 23415.0000 22467.0000 21797.0000 21652.0000 21745.0000 22199.0000 23818.0000 25913.0000 24363.0000 
23042.0000 21613.0000 20248.0000 19506.0000 19210.0000 18938.0000 19467.0000 20188.0000 21052.0000 23378.0000 25589.0000 26404.0000 26410.0000 26878.0000 26955.0000 25906.0000 24557.0000 24139.0000 24229.0000 24315.0000 24531.0000 25765.0000 27285.0000 25173.0000 
23513.0000 21834.0000 20703.0000 19910.0000 19695.0000 19486.0000 19145.0000 19261.0000 19111.0000 20759.0000 22642.0000 23829.0000 24284.0000 24574.0000 24725.0000 23734.0000 23048.0000 22392.0000 22338.0000 22767.0000 23638.0000 25530.0000 26861.0000 25210.0000 
23421.0000 21865.0000 20540.0000 20254.0000 19996.0000 20297.0000 21566.0000 24414.0000 26952.0000 28938.0000 30801.0000 31319.0000 31637.0000 32113.0000 30930.0000 30255.0000 29941.0000 29944.0000 29711.0000 29611.0000 29846.0000 30875.0000 31083.0000 27605.0000 
25412.0000 24178.0000 23147.0000 22331.0000 21884.0000 22233.0000 22941.0000 25425.0000 27798.0000 29919.0000 30787.0000 31374.0000 31391.0000 31988.0000 31076.0000 29949.0000 29659.0000 30002.0000 29560.0000 29173.0000 29359.0000 30110.0000 30753.0000 28012.0000 
25493.0000 24133.0000 22905.0000 22244.0000 21894.0000 22025.0000 22927.0000 25553.0000 27859.0000 29518.0000 30780.0000 31167.0000 31406.0000 31724.0000 30822.0000 29868.0000 29711.0000 29592.0000 29194.0000 28936.0000 28986.0000 29894.0000 30425.0000 27713.0000 
25487.0000 24199.0000 22916.0000 22239.0000 22204.0000 21982.0000 22875.0000 25105.0000 27492.0000 29512.0000 30194.0000 30752.0000 31273.0000 31643.0000 30737.0000 30044.0000 29669.0000 29963.0000 29592.0000 29551.0000 29435.0000 29896.0000 30791.0000 28152.0000 
25782.0000 24770.0000 23430.0000 22311.0000 22121.0000 22154.0000 23051.0000 25446.0000 27816.0000 29658.0000 30916.0000 31307.0000 31732.0000 32295.0000 31441.0000 30534.0000 29985.0000 29936.0000 30131.0000 29783.0000 29320.0000 29675.0000 30572.0000 28025.0000 
26200.0000 24698.0000 22976.0000 22274.0000 21691.0000 21727.0000 21512.0000 21682.0000 22642.0000 25247.0000 27311.0000 28143.0000 28368.0000 28484.0000 28487.0000 26832.0000 25946.0000 25480.0000 25153.0000 25337.0000 25349.0000 26206.0000 27812.0000 26008.0000 
24179.0000 22825.0000 21413.0000 20667.0000 20175.0000 20082.0000 20083.0000 19519.0000 19894.0000 21418.0000 23206.0000 24375.0000 24896.0000 25132.0000 25603.0000 24845.0000 23585.0000 23444.0000 23510.0000 23571.0000 24052.0000 25347.0000 27671.0000 26273.0000 
24122.0000 22611.0000 21665.0000 21125.0000 20734.0000 21119.0000 22047.0000 24924.0000 27134.0000 29077.0000 30446.0000 31241.0000 31479.0000 31940.0000 31647.0000 30489.0000 30585.0000 30645.0000 30338.0000 30007.0000 29960.0000 30235.0000 31125.0000 28275.0000 
25846.0000 24621.0000 23426.0000 22693.0000 22567.0000 22596.0000 23465.0000 25464.0000 28077.0000 29848.0000 30950.0000 31854.0000 32331.0000 32950.0000 32187.0000 31281.0000 31205.0000 31395.0000 31390.0000 31090.0000 30607.0000 31021.0000 31409.0000 28551.0000 
26074.0000 24826.0000 23334.0000 23054.0000 22582.0000 22650.0000 23297.0000 25474.0000 28238.0000 29984.0000 31116.0000 31642.0000 32464.0000 33135.0000 32655.0000 31819.0000 31812.0000 32295.0000 32151.0000 31693.0000 31085.0000 31535.0000 31641.0000 29231.0000 
26899.0000 25614.0000 24294.0000 23689.0000 23264.0000 23353.0000 23915.0000 25535.0000 28518.0000 30458.0000 31956.0000 32666.0000 33187.0000 34186.0000 33513.0000 32554.0000 32684.0000 32660.0000 32633.0000 32140.0000 31702.0000 31569.0000 32056.0000 29235.0000 
26835.0000 25532.0000 24286.0000 23518.0000 23020.0000 22926.0000 23445.0000 25079.0000 27401.0000 28934.0000 30172.0000 30688.0000 31035.0000 31374.0000 30609.0000 29515.0000 29152.0000 29307.0000 29133.0000 28865.0000 28677.0000 28745.0000 29490.0000 27455.0000 
25594.0000 24470.0000 23023.0000 22391.0000 21953.0000 21815.0000 21810.0000 21563.0000 22488.0000 24523.0000 26917.0000 27643.0000 28077.0000 28023.0000 28027.0000 26602.0000 25796.0000 25220.0000 25355.0000 24888.0000 25334.0000 25383.0000 27590.0000 25721.0000 
23990.0000 22655.0000 21098.0000 20506.0000 20332.0000 19975.0000 20086.0000 19460.0000 20091.0000 21339.0000 23380.0000 24777.0000 25101.0000 25539.0000 26148.0000 24815.0000 23912.0000 22985.0000 23405.0000 23760.0000 24054.0000 25101.0000 27787.0000 26347.0000 
24233.0000 22516.0000 21649.0000 21216.0000 20863.0000 21219.0000 22390.0000 24699.0000 27411.0000 29390.0000 30624.0000 31597.0000 32019.0000 32210.0000 31796.0000 30824.0000 30582.0000 30806.0000 30847.0000 30519.0000 30055.0000 30497.0000 31146.0000 28436.0000 
25979.0000 24738.0000 23800.0000 23134.0000 22682.0000 22924.0000 23519.0000 25677.0000 28052.0000 30374.0000 31187.0000 31739.0000 32354.0000 32561.0000 31411.0000 30472.0000 29942.0000 30029.0000 30530.0000 29994.0000 30114.0000 30379.0000 30906.0000 27843.0000 
25474.0000 24498.0000 23236.0000 22707.0000 22581.0000 22733.0000 23542.0000 25256.0000 27515.0000 29460.0000 30573.0000 31012.0000 31533.0000 31568.0000 30802.0000 29467.0000 29251.0000 29155.0000 29156.0000 28792.0000 29111.0000 29530.0000 30293.0000 27757.0000 
25574.0000 24239.0000 23200.0000 22581.0000 22234.0000 22277.0000 23064.0000 25054.0000 27619.0000 29345.0000 30326.0000 30897.0000 31069.0000 31257.0000 30300.0000 29338.0000 29067.0000 29323.0000 29320.0000 29072.0000 29009.0000 29628.0000 30452.0000 27948.0000 
25935.0000 24695.0000 23629.0000 22989.0000 22619.0000 22690.0000 23397.0000 25221.0000 27987.0000 29600.0000 30658.0000 31103.0000 31273.0000 31597.0000 30706.0000 29580.0000 29367.0000 29085.0000 29156.0000 28666.0000 28601.0000 28494.0000 29900.0000 27738.0000 
26069.0000 24866.0000 23190.0000 22357.0000 22210.0000 21729.0000 21633.0000 21655.0000 22615.0000 25113.0000 26927.0000 28054.0000 27988.0000 27898.0000 27839.0000 26538.0000 25396.0000 25229.0000 25140.0000 25247.0000 25398.0000 26091.0000 27615.0000 26174.0000 
24161.0000 23063.0000 21420.0000 21023.0000 20078.0000 20222.0000 20320.0000 19615.0000 20193.0000 21392.0000 23033.0000 24057.0000 24329.0000 24733.0000 24976.0000 24092.0000 23188.0000 22269.0000 22440.0000 22663.0000 23569.0000 24888.0000 26806.0000 26103.0000 
24302.0000 22364.0000 21380.0000 20929.0000 20587.0000 20780.0000 22035.0000 23990.0000 27061.0000 28914.0000 29852.0000 30573.0000 30656.0000 31010.0000 30251.0000 29808.0000 29514.0000 29507.0000 29353.0000 28945.0000 29046.0000 29339.0000 30432.0000 27925.0000 
25388.0000 24254.0000 23552.0000 22736.0000 22442.0000 22450.0000 23372.0000 25160.0000 27926.0000 29405.0000 30651.0000 31049.0000 31422.0000 31800.0000 31424.0000 30365.0000 30011.0000 30279.0000 29963.0000 29707.0000 29519.0000 30118.0000 30862.0000 28122.0000 
26065.0000 24555.0000 23868.0000 22933.0000 22840.0000 22630.0000 23312.0000 25382.0000 28151.0000 29617.0000 30936.0000 31589.0000 31816.0000 32243.0000 31540.0000 30809.0000 30523.0000 30424.0000 30433.0000 30016.0000 29916.0000 30295.0000 30780.0000 28399.0000 
25928.0000 24954.0000 23841.0000 23186.0000 22894.0000 22988.0000 23519.0000 25514.0000 27881.0000 30102.0000 31052.0000 31776.0000 32321.0000 32881.0000 31797.0000 31068.0000 31182.0000 31215.0000 31089.0000 30502.0000 30541.0000 30491.0000 31243.0000 28752.0000 
26758.0000 25484.0000 23962.0000 23478.0000 23189.0000 23075.0000 23759.0000 25530.0000 27903.0000 29803.0000 30920.0000 31584.0000 32064.0000 32555.0000 31480.0000 30624.0000 30075.0000 29965.0000 29993.0000 29387.0000 29708.0000 29248.0000 29802.0000 28017.0000 
25820.0000 25019.0000 23523.0000 22515.0000 22043.0000 21850.0000 21826.0000 21653.0000 22775.0000 25169.0000 27278.0000 28331.0000 28244.0000 28588.0000 28515.0000 26931.0000 26027.0000 25414.0000 25601.0000 25608.0000 25817.0000 26092.0000 27514.0000 26043.0000 
24686.0000 23165.0000 21618.0000 20781.0000 20209.0000 19974.0000 20101.0000 19501.0000 19919.0000 21526.0000 23631.0000 24610.0000 24880.0000 25339.0000 25699.0000 24668.0000 23879.0000 23603.0000 23422.0000 23753.0000 24414.0000 25053.0000 27278.0000 26614.0000 
24379.0000 22748.0000 21993.0000 21209.0000 21116.0000 21234.0000 22114.0000 24315.0000 27249.0000 28720.0000 30278.0000 30818.0000 31582.0000 32008.0000 31658.0000 30691.0000 30737.0000 30599.0000 30683.0000 29963.0000 30038.0000 30248.0000 30916.0000 28711.0000 
26267.0000 24996.0000 23767.0000 23127.0000 23036.0000 22907.0000 23533.0000 25371.0000 28053.0000 30362.0000 31535.0000 32161.0000 32990.0000 33394.0000 32772.0000 32011.0000 31854.0000 32276.0000 32163.0000 31806.0000 31429.0000 31070.0000 31473.0000 29107.0000 
26680.0000 25767.0000 24295.0000 23935.0000 23434.0000 23464.0000 24181.0000 25653.0000 28428.0000 30180.0000 31457.0000 32311.0000 33086.0000 33793.0000 33250.0000 32351.0000 32350.0000 32534.0000 32762.0000 31857.0000 31306.0000 31194.0000 31491.0000 29575.0000 
27313.0000 25790.0000 24619.0000 23837.0000 23588.0000 23790.0000 24228.0000 24817.0000 27350.0000 28940.0000 30360.0000 31430.0000 31970.0000 32476.0000 32144.0000 31312.0000 31115.0000 31732.0000 31432.0000 31323.0000 30606.0000 30417.0000 30938.0000 29208.0000 
26823.0000 25774.0000 24532.0000 23754.0000 22961.0000 23314.0000 24065.0000 25592.0000 28348.0000 30276.0000 31623.0000 32636.0000 33040.0000 33591.0000 32910.0000 32211.0000 31699.0000 31994.0000 31921.0000 31814.0000 31020.0000 30528.0000 31043.0000 29235.0000 
27040.0000 25926.0000 24689.0000 23485.0000 22918.0000 22752.0000 22589.0000 22252.0000 23353.0000 25562.0000 28098.0000 29258.0000 29547.0000 29684.0000 29965.0000 28924.0000 27546.0000 27277.0000 27454.0000 27623.0000 27809.0000 27909.0000 28860.0000 27115.0000 
25698.0000 23748.0000 22518.0000 21719.0000 21465.0000 20932.0000 20984.0000 20119.0000 20570.0000 21720.0000 23918.0000 25209.0000 25494.0000 26048.0000 26758.0000 26142.0000 25574.0000 24972.0000 25173.0000 25339.0000 25876.0000 26402.0000 28664.0000 27955.0000 
26076.0000 24375.0000 22817.0000 21977.0000 22065.0000 21945.0000 22898.0000 24884.0000 28338.0000 30660.0000 32201.0000 33257.0000 33997.0000 34316.0000 34017.0000 33113.0000 32931.0000 32964.0000 33076.0000 32374.0000 31982.0000 31916.0000 32195.0000 30050.0000 
27396.0000 26022.0000 24733.0000 23915.0000 23681.0000 23775.0000 24336.0000 25908.0000 28811.0000 30700.0000 32182.0000 32912.0000 33596.0000 34083.0000 33642.0000 32762.0000 32723.0000 32624.0000 32567.0000 31966.0000 31610.0000 31433.0000 32040.0000 29479.0000 
27262.0000 26132.0000 24936.0000 24053.0000 23609.0000 23488.0000 24352.0000 26203.0000 29314.0000 30725.0000 32379.0000 33142.0000 33599.0000 34140.0000 33846.0000 32633.0000 32275.0000 32479.0000 32436.0000 31673.0000 31547.0000 31251.0000 31798.0000 29570.0000 
27101.0000 25748.0000 24889.0000 24173.0000 23609.0000 23862.0000 24104.0000 26136.0000 28676.0000 30749.0000 32030.0000 32795.0000 33207.0000 33193.0000 32594.0000 31201.0000 30973.0000 31181.0000 31013.0000 30725.0000 30342.0000 30337.0000 30770.0000 28757.0000 
26531.0000 25026.0000 23755.0000 23172.0000 22949.0000 22847.0000 23746.0000 25180.0000 28037.0000 29903.0000 31015.0000 31961.0000 32184.0000 32730.0000 31955.0000 30789.0000 30571.0000 30336.0000 30374.0000 29833.0000 29548.0000 29282.0000 29847.0000 27928.0000 
26041.0000 24957.0000 23424.0000 22699.0000 22054.0000 21574.0000 21805.0000 21560.0000 22823.0000 25192.0000 27219.0000 28133.0000 28458.0000 28372.0000 28233.0000 26647.0000 25870.0000 25157.0000 25267.0000 25292.0000 25715.0000 26053.0000 27033.0000 26076.0000 
24279.0000 22672.0000 21638.0000 21004.0000 20330.0000 19675.0000 19961.0000 19323.0000 20018.0000 21194.0000 22643.0000 24133.0000 24723.0000 24847.0000 25349.0000 24335.0000 23224.0000 22979.0000 23072.0000 23307.0000 23761.0000 24831.0000 26995.0000 26060.0000 
24071.0000 22686.0000 21517.0000 21236.0000 20820.0000 20802.0000 22480.0000 24328.0000 27235.0000 29051.0000 30579.0000 31236.0000 31531.0000 32007.0000 30968.0000 30019.0000 29616.0000 29594.0000 29536.0000 29148.0000 29233.0000 29366.0000 29629.0000 27604.0000 
25430.0000 24225.0000 23001.0000 22454.0000 22253.0000 22321.0000 23119.0000 24791.0000 27480.0000 29138.0000 30380.0000 30762.0000 31110.0000 31347.0000 31113.0000 29936.0000 29454.0000 29613.0000 29497.0000 29196.0000 29322.0000 29301.0000 30067.0000 28088.0000 
25725.0000 24779.0000 23204.0000 22670.0000 22398.0000 22602.0000 23163.0000 24818.0000 27553.0000 29337.0000 30449.0000 31262.0000 31549.0000 32048.0000 31441.0000 30226.0000 30073.0000 30129.0000 30295.0000 29930.0000 30083.0000 30026.0000 29812.0000 28230.0000 
26155.0000 24997.0000 23849.0000 23001.0000 22678.0000 22714.0000 23346.0000 24872.0000 27980.0000 29669.0000 30869.0000 31396.0000 31952.0000 32326.0000 31818.0000 30988.0000 30879.0000 30816.0000 31102.0000 30694.0000 30480.0000 29951.0000 30417.0000 28639.0000 
26733.0000 25375.0000 24551.0000 23553.0000 23575.0000 23226.0000 24297.0000 25617.0000 28364.0000 29999.0000 31585.0000 32266.0000 32583.0000 33125.0000 32743.0000 31590.0000 31299.0000 31410.0000 31514.0000 31077.0000 30819.0000 30017.0000 30100.0000 28602.0000 
27013.0000 26072.0000 24778.0000 23691.0000 23089.0000 22878.0000 22394.0000 22273.0000 23645.0000 25547.0000 27600.0000 29222.0000 29305.0000 29748.0000 29879.0000 28827.0000 27673.0000 27428.0000 27281.0000 27586.0000 27529.0000 27844.0000 28455.0000 27648.0000 
25662.0000 24239.0000 22818.0000 21665.0000 21341.0000 21123.0000 20616.0000 20122.0000 20512.0000 22038.0000 24204.0000 25158.0000 25722.0000 26320.0000 26756.0000 26235.0000 25567.0000 25169.0000 25155.0000 25529.0000 25625.0000 26534.0000 28271.0000 28207.0000 
26373.0000 24370.0000 23223.0000 22307.0000 22157.0000 22449.0000 23405.0000 25486.0000 28064.0000 30490.0000 32378.0000 33435.0000 33629.0000 34431.0000 33768.0000 32893.0000 32739.0000 32886.0000 32756.0000 32209.0000 31788.0000 31268.0000 31377.0000 29810.0000 
27114.0000 26323.0000 24789.0000 23969.0000 23957.0000 23680.0000 24553.0000 26143.0000 28452.0000 30693.0000 32419.0000 33077.0000 33752.0000 34272.0000 33534.0000 32368.0000 31887.0000 31777.0000 31489.0000 30835.0000 30336.0000 29969.0000 29482.0000 27832.0000 
25911.0000 25553.0000 23810.0000 23281.0000 22848.0000 22569.0000 23221.0000 24152.0000 25490.0000 27888.0000 29210.0000 29953.0000 30458.0000 31089.0000 30983.0000 29821.0000 29491.0000 29562.0000 29637.0000 29512.0000 29169.0000 29001.0000 29640.0000 28492.0000 
26602.0000 25667.0000 23920.0000 23533.0000 23109.0000 23268.0000 24158.0000 25431.0000 27495.0000 30158.0000 32062.0000 32769.0000 33415.0000 34286.0000 34080.0000 32808.0000 32695.0000 32967.0000 33256.0000 32404.0000 32043.0000 31470.0000 31414.0000 29785.0000 
27504.0000 26575.0000 25126.0000 24140.0000 24009.0000 23845.0000 24721.0000 26126.0000 28451.0000 30955.0000 32827.0000 34020.0000 34708.0000 35346.0000 35094.0000 33770.0000 33430.0000 33546.0000 33346.0000 32945.0000 32762.0000 31684.0000 31543.0000 30150.0000 
28288.0000 27496.0000 25959.0000 24475.0000 24083.0000 23524.0000 22920.0000 22994.0000 24037.0000 26401.0000 28789.0000 30699.0000 31024.0000 31578.0000 32085.0000 31155.0000 30274.0000 29918.0000 29602.0000 29692.0000 29741.0000 29516.0000 30223.0000 29344.0000 
27440.0000 25833.0000 24078.0000 23336.0000 22686.0000 22263.0000 21801.0000 21071.0000 21892.0000 22968.0000 25009.0000 26534.0000 27344.0000 28152.0000 29041.0000 28872.0000 28208.0000 27462.0000 27648.0000 27800.0000 28133.0000 28695.0000 30158.0000 30145.0000 
28375.0000 26358.0000 24849.0000 23828.0000 23212.0000 23248.0000 24436.0000 25864.0000 28722.0000 31682.0000 34013.0000 34852.0000 35781.0000 36725.0000 36708.0000 36194.0000 36233.0000 36680.0000 36172.0000 35470.0000 34976.0000 34364.0000 34365.0000 33081.0000 
30439.0000 28712.0000 27277.0000 26501.0000 26033.0000 25718.0000 26287.0000 27819.0000 30022.0000 32717.0000 34807.0000 35746.0000 36297.0000 37030.0000 36966.0000 36446.0000 36195.0000 36475.0000 36476.0000 35649.0000 35040.0000 34330.0000 34516.0000 33428.0000 
30840.0000 29425.0000 27648.0000 26454.0000 26087.0000 25602.0000 25968.0000 27370.0000 29502.0000 31974.0000 34980.0000 35199.0000 36178.0000 36534.0000 36720.0000 36011.0000 36032.0000 36158.0000 35999.0000 35433.0000 34909.0000 33898.0000 33217.0000 31592.0000 
29081.0000 27768.0000 26062.0000 25105.0000 24686.0000 24801.0000 25565.0000 27029.0000 29120.0000 31926.0000 33974.0000 34464.0000 35217.0000 35810.0000 36027.0000 35244.0000 35309.0000 35211.0000 35043.0000 34843.0000 33744.0000 32917.0000 33121.0000 31736.0000 
29488.0000 27952.0000 26232.0000 25553.0000 25082.0000 24918.0000 25578.0000 26976.0000 29720.0000 32321.0000 34196.0000 35232.0000 36375.0000 37014.0000 36800.0000 35861.0000 35626.0000 35722.0000 35423.0000 34658.0000 34087.0000 33091.0000 32858.0000 31338.0000 
29579.0000 28354.0000 26807.0000 25162.0000 24630.0000 24420.0000 24105.0000 23380.0000 24496.0000 26698.0000 29091.0000 30666.0000 31388.0000 32122.0000 32405.0000 31559.0000 31500.0000 30930.0000 30630.0000 30424.0000 30388.0000 30155.0000 30936.0000 30096.0000 
28366.0000 26597.0000 25139.0000 23761.0000 22909.0000 22679.0000 22712.0000 21483.0000 22246.0000 23699.0000 25894.0000 27409.0000 28160.0000 29262.0000 30433.0000 30167.0000 29956.0000 29428.0000 29172.0000 29314.0000 29401.0000 29648.0000 31514.0000 31305.0000 
29106.0000 26903.0000 25265.0000 24300.0000 23921.0000 23834.0000 24596.0000 26603.0000 29446.0000 32508.0000 34842.0000 36181.0000 37260.0000 38406.0000 38842.0000 38438.0000 38283.0000 38412.0000 38066.0000 37058.0000 36361.0000 35309.0000 35481.0000 34462.0000 
31542.0000 29622.0000 27611.0000 26517.0000 26079.0000 25964.0000 26425.0000 28047.0000 30624.0000 33352.0000 35763.0000 37258.0000 38503.0000 39596.0000 39064.0000 38604.0000 38477.0000 39158.0000 38675.0000 37696.0000 37070.0000 36014.0000 36072.0000 34687.0000 
31878.0000 29939.0000 28097.0000 26909.0000 26106.0000 25975.0000 26628.0000 28080.0000 30632.0000 33828.0000 35695.0000 36849.0000 37877.0000 38999.0000 38940.0000 38582.0000 38340.0000 38317.0000 38065.0000 36807.0000 36211.0000 35219.0000 35140.0000 33835.0000 
31456.0000 29698.0000 27976.0000 27105.0000 26286.0000 26135.0000 26554.0000 28127.0000 30480.0000 33059.0000 34795.0000 35477.0000 36479.0000 37444.0000 37530.0000 37140.0000 36898.0000 36989.0000 36849.0000 36206.0000 35382.0000 34316.0000 34355.0000 33139.0000 
30852.0000 29579.0000 27884.0000 26829.0000 26200.0000 25859.0000 26374.0000 27674.0000 30318.0000 32928.0000 35013.0000 35762.0000 36711.0000 37519.0000 37264.0000 36974.0000 36331.0000 36212.0000 36018.0000 35407.0000 34533.0000 33405.0000 33306.0000 32041.0000 
29875.0000 28767.0000 26993.0000 26040.0000 24935.0000 24604.0000 24222.0000 24050.0000 25201.0000 27445.0000 29627.0000 30945.0000 31504.0000 31912.0000 32245.0000 31753.0000 31281.0000 30859.0000 30723.0000 30128.0000 30361.0000 30408.0000 30917.0000 30093.0000 
28104.0000 26376.0000 24775.0000 23519.0000 23179.0000 22723.0000 22485.0000 21436.0000 21984.0000 23222.0000 25075.0000 26350.0000 27438.0000 28266.0000 29387.0000 29161.0000 28748.0000 28121.0000 28006.0000 28318.0000 28656.0000 28956.0000 30743.0000 30774.0000 
28911.0000 27076.0000 25262.0000 24211.0000 23689.0000 23667.0000 24609.0000 26577.0000 29252.0000 32389.0000 34742.0000 35861.0000 36769.0000 37645.0000 37834.0000 37361.0000 37206.0000 37301.0000 37257.0000 36246.0000 35577.0000 34656.0000 34857.0000 33210.0000 
30806.0000 29283.0000 27481.0000 26371.0000 25956.0000 25693.0000 26535.0000 27993.0000 30394.0000 33007.0000 35312.0000 36193.0000 37461.0000 38525.0000 38610.0000 38092.0000 38052.0000 37844.0000 37735.0000 36895.0000 36003.0000 35056.0000 35440.0000 33758.0000 
31005.0000 29598.0000 27643.0000 26552.0000 26107.0000 25949.0000 26484.0000 28078.0000 30387.0000 33473.0000 35450.0000 36473.0000 37762.0000 38801.0000 38757.0000 38243.0000 38213.0000 38383.0000 37848.0000 36837.0000 36165.0000 35308.0000 35415.0000 33741.0000 
31395.0000 30012.0000 27626.0000 26746.0000 26239.0000 25961.0000 26412.0000 27880.0000 30354.0000 33034.0000 35133.0000 36064.0000 37230.0000 38505.0000 38676.0000 38159.0000 38078.0000 38199.0000 37615.0000 36872.0000 35981.0000 34980.0000 35166.0000 33821.0000 
31541.0000 30354.0000 28141.0000 27077.0000 26596.0000 26384.0000 26995.0000 28544.0000 30716.0000 33652.0000 35601.0000 36832.0000 37706.0000 38474.0000 38540.0000 37881.0000 37510.0000 37348.0000 36791.0000 36028.0000 35146.0000 33918.0000 34064.0000 32693.0000 
30638.0000 29408.0000 27694.0000 26256.0000 25521.0000 24941.0000 24629.0000 24535.0000 25265.0000 27896.0000 30227.0000 31494.0000 32230.0000 32938.0000 33154.0000 32436.0000 31804.0000 31668.0000 30984.0000 30735.0000 30422.0000 30170.0000 31055.0000 29869.0000 
28149.0000 26715.0000 24932.0000 23762.0000 22961.0000 22918.0000 22638.0000 21882.0000 21945.0000 23338.0000 25211.0000 26604.0000 27376.0000 28195.0000 29215.0000 29169.0000 28814.0000 28630.0000 28473.0000 28346.0000 28594.0000 28889.0000 30968.0000 31048.0000 
28987.0000 27163.0000 25460.0000 24672.0000 24421.0000 24073.0000 25218.0000 27455.0000 29970.0000 33095.0000 35566.0000 37272.0000 37958.0000 39114.0000 39156.0000 38557.0000 38279.0000 38595.0000 37914.0000 36873.0000 36143.0000 35208.0000 35673.0000 33961.0000 
31456.0000 29813.0000 27941.0000 26878.0000 26570.0000 26345.0000 26694.0000 28765.0000 30823.0000 33904.0000 36364.0000 37512.0000 38656.0000 39744.0000 39665.0000 39036.0000 38794.0000 38609.0000 38401.0000 37377.0000 36527.0000 35347.0000 35695.0000 33891.0000 
31707.0000 30008.0000 28169.0000 26961.0000 26329.0000 26173.0000 26868.0000 28462.0000 30541.0000 33791.0000 35865.0000 36907.0000 37808.0000 38918.0000 38841.0000 38327.0000 37656.0000 37693.0000 37370.0000 36624.0000 35822.0000 34809.0000 34791.0000 33395.0000 
31119.0000 29645.0000 27819.0000 26686.0000 26349.0000 26006.0000 26689.0000 28347.0000 30134.0000 33316.0000 35297.0000 36715.0000 37681.0000 38790.0000 38653.0000 38083.0000 38039.0000 37993.0000 37560.0000 36735.0000 36003.0000 34870.0000 35061.0000 33610.0000 
31148.0000 29766.0000 27927.0000 26957.0000 26388.0000 26379.0000 26788.0000 28408.0000 30662.0000 33414.0000 35806.0000 37015.0000 37711.0000 38766.0000 38479.0000 37514.0000 37177.0000 37065.0000 36666.0000 35790.0000 35115.0000 33834.0000 33736.0000 31982.0000 
30242.0000 29075.0000 27226.0000 26037.0000 25190.0000 24651.0000 24313.0000 24179.0000 25121.0000 26853.0000 29050.0000 30312.0000 30917.0000 31266.0000 31685.0000 31035.0000 30236.0000 29902.0000 29517.0000 29455.0000 29348.0000 29249.0000 30282.0000 29098.0000 
27283.0000 25976.0000 24430.0000 23471.0000 22810.0000 22346.0000 22220.0000 21829.0000 21920.0000 23041.0000 24766.0000 26153.0000 27126.0000 27719.0000 28894.0000 29018.0000 28507.0000 28307.0000 28231.0000 28286.0000 28403.0000 28821.0000 31005.0000 30746.0000 
28665.0000 27165.0000 25233.0000 24439.0000 23906.0000 24035.0000 25015.0000 26978.0000 29483.0000 32440.0000 34838.0000 35824.0000 36565.0000 37535.0000 37284.0000 36809.0000 36456.0000 36526.0000 36462.0000 35425.0000 34729.0000 33800.0000 34470.0000 32627.0000 
30218.0000 29024.0000 27030.0000 26456.0000 25800.0000 25671.0000 26137.0000 27909.0000 29640.0000 32427.0000 34834.0000 35984.0000 36764.0000 37672.0000 37645.0000 36981.0000 36720.0000 36607.0000 36624.0000 36083.0000 35272.0000 34406.0000 35078.0000 33423.0000 
30984.0000 29374.0000 27931.0000 26630.0000 26081.0000 26070.0000 26892.0000 28659.0000 30212.0000 33069.0000 35167.0000 36402.0000 37481.0000 38504.0000 38302.0000 37475.0000 37355.0000 37612.0000 37071.0000 36102.0000 35454.0000 34279.0000 34854.0000 32774.0000 
30711.0000 29464.0000 27724.0000 26692.0000 26087.0000 26203.0000 26657.0000 28477.0000 30013.0000 32491.0000 34390.0000 35431.0000 36032.0000 36811.0000 36315.0000 35428.0000 35158.0000 35206.0000 35019.0000 34267.0000 33361.0000 32715.0000 33346.0000 31387.0000 
29155.0000 28007.0000 26255.0000 25503.0000 25104.0000 24950.0000 25584.0000 27364.0000 28881.0000 31500.0000 33318.0000 34222.0000 34781.0000 35664.0000 34795.0000 33664.0000 33042.0000 32826.0000 32373.0000 31531.0000 31035.0000 30591.0000 30692.0000 28739.0000 
27019.0000 25957.0000 24458.0000 23212.0000 22608.0000 22553.0000 22217.0000 22381.0000 22999.0000 25043.0000 26902.0000 27931.0000 28676.0000 28955.0000 29384.0000 28708.0000 28088.0000 27590.0000 27446.0000 27479.0000 27543.0000 27598.0000 28842.0000 27402.0000 
25602.0000 24368.0000 22824.0000 21959.0000 21326.0000 20944.0000 21095.0000 20851.0000 20701.0000 21818.0000 23683.0000 24959.0000 25470.0000 26070.0000 27121.0000 27056.0000 26756.0000 26218.0000 26249.0000 26248.0000 26464.0000 27034.0000 29549.0000 28643.0000 
26775.0000 25116.0000 23604.0000 22728.0000 22472.0000 22246.0000 23315.0000 25058.0000 27381.0000 30211.0000 32454.0000 34138.0000 35092.0000 35832.0000 35987.0000 35086.0000 34700.0000 34381.0000 34389.0000 33552.0000 32591.0000 32303.0000 33016.0000 30989.0000 
28968.0000 26881.0000 25243.0000 24267.0000 23916.0000 23848.0000 24503.0000 26160.0000 28038.0000 30583.0000 32731.0000 33886.0000 34717.0000 35477.0000 35523.0000 34754.0000 34401.0000 34419.0000 34159.0000 33617.0000 32852.0000 32011.0000 33198.0000 31332.0000 
29035.0000 26941.0000 25672.0000 24413.0000 23999.0000 23901.0000 24462.0000 26073.0000 27953.0000 30671.0000 32802.0000 33806.0000 35119.0000 35945.0000 36034.0000 35248.0000 34770.0000 34836.0000 34631.0000 33855.0000 33266.0000 32708.0000 33823.0000 31763.0000 
29457.0000 27298.0000 25720.0000 24416.0000 24009.0000 23862.0000 24283.0000 26008.0000 27556.0000 30383.0000 32251.0000 33734.0000 34740.0000 35777.0000 35979.0000 35367.0000 34775.0000 34705.0000 34732.0000 33977.0000 32977.0000 32720.0000 33921.0000 31755.0000 
29540.0000 27603.0000 25937.0000 24837.0000 24314.0000 24032.0000 24752.0000 26565.0000 28066.0000 30699.0000 32956.0000 34310.0000 35232.0000 36087.0000 36578.0000 35818.0000 35288.0000 34884.0000 34884.0000 34056.0000 33267.0000 32744.0000 33267.0000 30923.0000 
29386.0000 27677.0000 26001.0000 24817.0000 23957.0000 23523.0000 23644.0000 23960.0000 24119.0000 25841.0000 28021.0000 29319.0000 29990.0000 30251.0000 30516.0000 29985.0000 29304.0000 28642.0000 28248.0000 28219.0000 28039.0000 28336.0000 29521.0000 27528.0000 
26347.0000 24693.0000 23154.0000 22274.0000 21642.0000 21386.0000 21090.0000 21069.0000 20497.0000 21505.0000 23152.0000 24146.0000 24926.0000 25887.0000 26576.0000 26471.0000 26004.0000 25558.0000 25484.0000 25639.0000 25838.0000 26526.0000 28654.0000 27814.0000 
26104.0000 24281.0000 22742.0000 22095.0000 21506.0000 21570.0000 22548.0000 24501.0000 25763.0000 28422.0000 30510.0000 31239.0000 32069.0000 33132.0000 33740.0000 33155.0000 32957.0000 32964.0000 32828.0000 32165.0000 31207.0000 31160.0000 32488.0000 30195.0000 
28014.0000 26216.0000 24832.0000 23948.0000 23256.0000 23348.0000 23867.0000 25205.0000 26600.0000 29421.0000 31258.0000 32295.0000 33148.0000 33814.0000 34188.0000 33565.0000 32858.0000 32837.0000 32657.0000 31963.0000 31349.0000 31523.0000 32659.0000 30368.0000 
28249.0000 26466.0000 24778.0000 24083.0000 23580.0000 23294.0000 23676.0000 25297.0000 26635.0000 29343.0000 31371.0000 32293.0000 33391.0000 34164.0000 34620.0000 33540.0000 33312.0000 33003.0000 32853.0000 32248.0000 31749.0000 31888.0000 32901.0000 30830.0000 
28762.0000 26890.0000 25385.0000 24463.0000 23894.0000 23713.0000 24215.0000 25571.0000 26833.0000 29169.0000 30826.0000 31802.0000 32540.0000 33135.0000 33552.0000 32536.0000 31713.0000 31982.0000 31580.0000 31096.0000 30569.0000 30418.0000 31562.0000 29370.0000 
27048.0000 25671.0000 24180.0000 22943.0000 22409.0000 22549.0000 23114.0000 24363.0000 25549.0000 27541.0000 29213.0000 29906.0000 30623.0000 31139.0000 31177.0000 30205.0000 29282.0000 29150.0000 29429.0000 28819.0000 28903.0000 29135.0000 29942.0000 27764.0000 
26071.0000 25130.0000 23454.0000 22471.0000 21758.0000 21513.0000 21617.0000 21525.0000 21179.0000 22493.0000 23975.0000 24636.0000 25581.0000 25951.0000 26262.0000 25152.0000 24541.0000 23994.0000 23778.0000 24078.0000 24137.0000 25374.0000 26917.0000 25367.0000 
23857.0000 22635.0000 21740.0000 20681.0000 20241.0000 20155.0000 19696.0000 19812.0000 19660.0000 20930.0000 22415.0000 23514.0000 23841.0000 24420.0000 25098.0000 24673.0000 24112.0000 23347.0000 23687.0000 23932.0000 24196.0000 25340.0000 27462.0000 26098.0000 
24366.0000 23364.0000 21890.0000 21244.0000 20857.0000 20945.0000 21931.0000 23904.0000 24945.0000 27110.0000 29030.0000 30323.0000 30840.0000 31565.0000 31467.0000 30307.0000 29595.0000 29517.0000 29524.0000 29429.0000 29062.0000 29637.0000 30624.0000 28189.0000 
26126.0000 24702.0000 23055.0000 22500.0000 21968.0000 21975.0000 22417.0000 24300.0000 25580.0000 27242.0000 29190.0000 30077.0000 30630.0000 31160.0000 31249.0000 30152.0000 29371.0000 29494.0000 29407.0000 29057.0000 28855.0000 29685.0000 30639.0000 28196.0000 
25958.0000 24502.0000 23133.0000 22244.0000 21670.0000 21872.0000 22500.0000 24180.0000 25298.0000 27298.0000 29204.0000 30150.0000 30839.0000 31394.0000 31451.0000 30576.0000 30183.0000 30035.0000 30204.0000 29839.0000 29493.0000 30057.0000 31228.0000 28585.0000 
26628.0000 24996.0000 23909.0000 22794.0000 22516.0000 22445.0000 22842.0000 24438.0000 25498.0000 28202.0000 30052.0000 31285.0000 32016.0000 32983.0000 32810.0000 31945.0000 31641.0000 31585.0000 31372.0000 31227.0000 30567.0000 31122.0000 32089.0000 29931.0000 
27656.0000 26009.0000 24505.0000 23833.0000 23141.0000 23072.0000 23415.0000 25395.0000 26837.0000 29331.0000 30981.0000 32312.0000 33012.0000 33955.0000 33650.0000 32999.0000 32410.0000 31771.0000 31801.0000 31234.0000 30761.0000 31215.0000 31623.0000 29326.0000 
27644.0000 26138.0000 24491.0000 23363.0000 22838.0000 22902.0000 22488.0000 23070.0000 22966.0000 24796.0000 27011.0000 28257.0000 28875.0000 29029.0000 29337.0000 28619.0000 27674.0000 27354.0000 27192.0000 26843.0000 27193.0000 28190.0000 29035.0000 26980.0000 
25353.0000 24108.0000 22850.0000 21787.0000 21241.0000 20754.0000 20727.0000 20848.0000 20406.0000 21439.0000 22923.0000 24135.0000 24836.0000 25189.0000 26077.0000 25705.0000 24933.0000 24548.0000 24856.0000 24916.0000 25069.0000 26393.0000 28025.0000 26778.0000 
25012.0000 23335.0000 22409.0000 21981.0000 21770.0000 21592.0000 22833.0000 24752.0000 25811.0000 28335.0000 30124.0000 31066.0000 31344.0000 31970.0000 31880.0000 30562.0000 30053.0000 29548.0000 29914.0000 29743.0000 29256.0000 30213.0000 30932.0000 28303.0000 
26573.0000 25052.0000 23854.0000 23216.0000 22858.0000 22693.0000 23370.0000 25568.0000 26611.0000 28706.0000 30521.0000 31356.0000 31890.0000 32428.0000 32191.0000 31314.0000 30739.0000 30698.0000 30923.0000 30589.0000 30020.0000 30972.0000 31543.0000 28873.0000 
26875.0000 24935.0000 23423.0000 22895.0000 22394.0000 22290.0000 22904.0000 25401.0000 26440.0000 28877.0000 30758.0000 31812.0000 32692.0000 34183.0000 34135.0000 32846.0000 32288.0000 32059.0000 32138.0000 31699.0000 31143.0000 32150.0000 32319.0000 29817.0000 
27818.0000 26165.0000 24533.0000 23837.0000 23455.0000 23349.0000 24202.0000 25764.0000 27261.0000 29547.0000 31589.0000 33158.0000 34000.0000 34805.0000 34590.0000 33384.0000 33026.0000 33021.0000 33158.0000 32621.0000 31931.0000 32790.0000 32887.0000 30051.0000 
28081.0000 26333.0000 24602.0000 24188.0000 23446.0000 23406.0000 24004.0000 26178.0000 27546.0000 29872.0000 31890.0000 33201.0000 34065.0000 34878.0000 34970.0000 34029.0000 33016.0000 33153.0000 33019.0000 32709.0000 32039.0000 32481.0000 32583.0000 30042.0000 
28320.0000 26993.0000 25496.0000 24205.0000 23552.0000 23286.0000 22957.0000 23379.0000 23468.0000 25412.0000 27362.0000 28924.0000 29292.0000 30072.0000 30812.0000 29985.0000 29144.0000 28994.0000 28818.0000 28529.0000 28348.0000 29748.0000 30146.0000 27957.0000 
26573.0000 25265.0000 23964.0000 22823.0000 22140.0000 21580.0000 21516.0000 21814.0000 21315.0000 22534.0000 24030.0000 25659.0000 26542.0000 27295.0000 28051.0000 28142.0000 27605.0000 27228.0000 26927.0000 26864.0000 26621.0000 28526.0000 29686.0000 28360.0000 
26647.0000 25051.0000 23755.0000 23208.0000 22414.0000 22724.0000 23746.0000 26553.0000 28239.0000 30870.0000 33317.0000 34781.0000 35665.0000 36292.0000 36494.0000 35322.0000 34698.0000 34796.0000 34251.0000 33583.0000 32746.0000 33887.0000 33312.0000 30645.0000 
28445.0000 26387.0000 25173.0000 24396.0000 23927.0000 23821.0000 24254.0000 27095.0000 28479.0000 30715.0000 32580.0000 33716.0000 34584.0000 35236.0000 35028.0000 33922.0000 33577.0000 33880.0000 33610.0000 32796.0000 32034.0000 33390.0000 32839.0000 29791.0000 
27688.0000 26102.0000 24964.0000 24116.0000 23984.0000 23879.0000 24377.0000 26794.0000 28815.0000 30966.0000 32638.0000 33331.0000 34145.0000 34635.0000 34017.0000 32616.0000 32528.0000 32570.0000 32570.0000 32239.0000 31524.0000 33168.0000 32128.0000 29522.0000 
27436.0000 25977.0000 24553.0000 23950.0000 23371.0000 23480.0000 24055.0000 26518.0000 28000.0000 29910.0000 31424.0000 32385.0000 32943.0000 33755.0000 32908.0000 31660.0000 31522.0000 31668.0000 31557.0000 30917.0000 30368.0000 32481.0000 31454.0000 28826.0000 
26803.0000 25570.0000 24379.0000 23433.0000 23283.0000 23187.0000 23370.0000 26155.0000 27839.0000 29519.0000 30993.0000 31744.0000 31980.0000 32771.0000 32107.0000 30508.0000 30220.0000 30006.0000 29743.0000 29341.0000 29295.0000 30860.0000 29812.0000 27584.0000 
25711.0000 24492.0000 23122.0000 22356.0000 21832.0000 21675.0000 21718.0000 22125.0000 22196.0000 24078.0000 26481.0000 27242.0000 27592.0000 27698.0000 27903.0000 26501.0000 25551.0000 25244.0000 25428.0000 25228.0000 25363.0000 27805.0000 27662.0000 25339.0000 
24068.0000 22774.0000 21257.0000 20625.0000 19928.0000 20027.0000 19780.0000 20200.0000 19653.0000 20811.0000 22678.0000 23696.0000 24461.0000 24926.0000 25347.0000 24464.0000 23235.0000 22950.0000 22821.0000 23101.0000 23710.0000 26553.0000 27118.0000 25381.0000 
23753.0000 22194.0000 21159.0000 20787.0000 20511.0000 20725.0000 21673.0000 24820.0000 26237.0000 28523.0000 30014.0000 30970.0000 31472.0000 31923.0000 31247.0000 29955.0000 29761.0000 29721.0000 29464.0000 28802.0000 28813.0000 31435.0000 29970.0000 27153.0000 
25307.0000 23828.0000 22735.0000 22415.0000 21894.0000 21732.0000 22477.0000 24927.0000 26289.0000 27977.0000 29398.0000 30366.0000 30749.0000 30978.0000 30876.0000 29588.0000 29418.0000 29274.0000 29310.0000 28938.0000 28989.0000 31709.0000 30134.0000 27582.0000 
25658.0000 24193.0000 23088.0000 22448.0000 22281.0000 22226.0000 22933.0000 25784.0000 27300.0000 28788.0000 30160.0000 31033.0000 31834.0000 32311.0000 31909.0000 30605.0000 30504.0000 30773.0000 30365.0000 29926.0000 30019.0000 32503.0000 30606.0000 27870.0000 
25961.0000 24659.0000 23312.0000 22874.0000 22643.0000 22580.0000 23471.0000 26216.0000 27977.0000 29471.0000 30863.0000 31644.0000 32198.0000 32462.0000 31844.0000 30867.0000 30684.0000 30835.0000 30824.0000 30363.0000 29959.0000 32471.0000 30649.0000 27947.0000 
25856.0000 24711.0000 23498.0000 22864.0000 22248.0000 22340.0000 22775.0000 24527.0000 26259.0000 27841.0000 29109.0000 29627.0000 30563.0000 30986.0000 30611.0000 29579.0000 29039.0000 28836.0000 28911.0000 28763.0000 28819.0000 30927.0000 29683.0000 27338.0000 
25627.0000 24895.0000 23582.0000 22651.0000 21718.0000 21813.0000 21378.0000 22502.0000 22557.0000 24240.0000 26734.0000 27728.0000 28279.0000 28162.0000 28387.0000 27012.0000 26091.0000 25578.0000 25482.0000 25743.0000 26234.0000 28542.0000 27655.0000 25400.0000 
24299.0000 22684.0000 21459.0000 20760.0000 20132.0000 20038.0000 19894.0000 20511.0000 19602.0000 21086.0000 22639.0000 23988.0000 24647.0000 25013.0000 25887.0000 24732.0000 23867.0000 23276.0000 23415.0000 23592.0000 24461.0000 27536.0000 27480.0000 25754.0000 
24139.0000 22620.0000 21565.0000 21233.0000 21003.0000 21203.0000 21923.0000 24859.0000 27009.0000 28395.0000 29818.0000 30680.0000 30999.0000 31525.0000 30890.0000 29689.0000 29691.0000 29567.0000 29741.0000 29133.0000 29295.0000 31945.0000 30142.0000 27329.0000 
25078.0000 24025.0000 22927.0000 22294.0000 22284.0000 22034.0000 22860.0000 25845.0000 27779.0000 29209.0000 30277.0000 31171.0000 31749.0000 31970.0000 31638.0000 30486.0000 30348.0000 30259.0000 30268.0000 29985.0000 30486.0000 32728.0000 30299.0000 27924.0000 
25423.0000 24591.0000 23408.0000 22933.0000 22644.0000 22776.0000 23444.0000 26603.0000 28616.0000 29656.0000 31040.0000 31592.0000 32149.0000 32592.0000 32010.0000 30741.0000 30613.0000 30670.0000 30701.0000 30332.0000 30544.0000 32970.0000 30516.0000 27768.0000 
25739.0000 24517.0000 23414.0000 23076.0000 22884.0000 23076.0000 23387.0000 26048.0000 27981.0000 29136.0000 30168.0000 30567.0000 31010.0000 31255.0000 30608.0000 29772.0000 29547.0000 29819.0000 29575.0000 29171.0000 29545.0000 32238.0000 30123.0000 27079.0000 
25229.0000 23838.0000 22601.0000 22207.0000 21828.0000 21723.0000 22641.0000 25582.0000 27974.0000 28860.0000 30093.0000 30645.0000 31094.0000 31397.0000 30625.0000 29548.0000 29350.0000 29223.0000 29164.0000 29007.0000 28799.0000 31097.0000 29692.0000 27047.0000 
25239.0000 24120.0000 22787.0000 21841.0000 21412.0000 21050.0000 21187.0000 21883.0000 22597.0000 24339.0000 25974.0000 27329.0000 27641.0000 27690.0000 27785.0000 26398.0000 25591.0000 24862.0000 25113.0000 24918.0000 25445.0000 28161.0000 27284.0000 25160.0000 
23559.0000 22058.0000 21098.0000 20048.0000 19927.0000 19643.0000 19568.0000 19966.0000 19695.0000 20890.0000 22648.0000 24010.0000 24215.0000 24508.0000 25340.0000 24411.0000 23422.0000 23068.0000 23032.0000 23523.0000 24121.0000 27322.0000 27400.0000 25419.0000 
23500.0000 22206.0000 21410.0000 20711.0000 20591.0000 20865.0000 22052.0000 25325.0000 27791.0000 28809.0000 30196.0000 30767.0000 31323.0000 31641.0000 31139.0000 30203.0000 30304.0000 30518.0000 30680.0000 30548.0000 31051.0000 33309.0000 30877.0000 27529.0000 
25339.0000 24041.0000 23150.0000 22753.0000 22031.0000 22525.0000 23232.0000 26117.0000 28408.0000 29213.0000 30801.0000 31462.0000 32025.0000 32446.0000 31968.0000 30771.0000 30826.0000 30985.0000 31015.0000 30335.0000 30893.0000 33061.0000 30633.0000 27743.0000 
25577.0000 24605.0000 23099.0000 22663.0000 22521.0000 22696.0000 23506.0000 26115.0000 28655.0000 29808.0000 30761.0000 30755.0000 31656.0000 32118.0000 31557.0000 30422.0000 30124.0000 30130.0000 29951.0000 29657.0000 30362.0000 32588.0000 30428.0000 27665.0000 
25412.0000 24349.0000 23391.0000 22698.0000 22417.0000 22699.0000 23116.0000 25569.0000 28001.0000 28886.0000 30028.0000 30646.0000 31183.0000 31552.0000 30585.0000 29623.0000 29573.0000 29699.0000 30043.0000 29497.0000 30396.0000 32516.0000 30286.0000 27400.0000 
25362.0000 24327.0000 23073.0000 22419.0000 22195.0000 22387.0000 23035.0000 25954.0000 28385.0000 29037.0000 30093.0000 30931.0000 31380.0000 31597.0000 30919.0000 29849.0000 29636.0000 29944.0000 29703.0000 29425.0000 29821.0000 32036.0000 29677.0000 27293.0000 
25399.0000 24608.0000 22941.0000 22394.0000 22016.0000 21576.0000 21496.0000 22227.0000 23030.0000 24637.0000 26807.0000 27633.0000 27581.0000 27738.0000 27668.0000 26638.0000 25367.0000 25193.0000 25037.0000 25081.0000 26153.0000 28567.0000 27307.0000 25407.0000 
23849.0000 22695.0000 21390.0000 20650.0000 20139.0000 19854.0000 19949.0000 20251.0000 20443.0000 21198.0000 22999.0000 24075.0000 24586.0000 25007.0000 25401.0000 24434.0000 23516.0000 23047.0000 22957.0000 23373.0000 24904.0000 27951.0000 26711.0000 25116.0000 
23254.0000 21986.0000 21182.0000 20546.0000 20623.0000 20602.0000 21959.0000 24946.0000 28044.0000 29220.0000 30543.0000 30758.0000 31278.0000 31523.0000 31094.0000 29995.0000 29621.0000 29955.0000 29849.0000 29326.0000 30639.0000 32834.0000 30103.0000 27386.0000 
25123.0000 23987.0000 22999.0000 22214.0000 22210.0000 22281.0000 23284.0000 26045.0000 28863.0000 29822.0000 30608.0000 30907.0000 31327.0000 31746.0000 31054.0000 29895.0000 29737.0000 29571.0000 29560.0000 29465.0000 30952.0000 32738.0000 30090.0000 27257.0000 
25025.0000 23945.0000 23082.0000 22533.0000 22152.0000 22516.0000 23184.0000 26008.0000 28901.0000 29600.0000 30454.0000 31049.0000 31251.0000 31289.0000 30758.0000 29325.0000 29398.0000 29676.0000 29568.0000 29331.0000 30500.0000 32572.0000 30144.0000 27249.0000 
25305.0000 23959.0000 22873.0000 22550.0000 22017.0000 22166.0000 23051.0000 25658.0000 28886.0000 29450.0000 30427.0000 30584.0000 31109.0000 31452.0000 30910.0000 29966.0000 29762.0000 29930.0000 29686.0000 29523.0000 30635.0000 32718.0000 30314.0000 27385.0000 
25109.0000 24121.0000 22895.0000 22147.0000 22080.0000 22196.0000 22804.0000 26019.0000 29034.0000 29495.0000 30743.0000 31041.0000 31431.0000 31635.0000 30931.0000 29854.0000 29721.0000 29322.0000 29103.0000 29063.0000 30511.0000 31981.0000 29551.0000 26978.0000 
25237.0000 24003.0000 22644.0000 21837.0000 21260.0000 21148.0000 21283.0000 22268.0000 22862.0000 24727.0000 26802.0000 27329.0000 28034.0000 27731.0000 27886.0000 26424.0000 25234.0000 24823.0000 24888.0000 24846.0000 26524.0000 28351.0000 27134.0000 24909.0000 
23518.0000 22247.0000 20735.0000 20417.0000 19605.0000 19597.0000 19408.0000 20161.0000 20380.0000 20971.0000 23017.0000 24296.0000 24745.0000 25428.0000 25769.0000 24785.0000 23756.0000 23145.0000 23231.0000 23619.0000 26265.0000 27715.0000 27163.0000 25841.0000 
23760.0000 22405.0000 21657.0000 20998.0000 20694.0000 21243.0000 21968.0000 25717.0000 28897.0000 29871.0000 31316.0000 32030.0000 32202.0000 32545.0000 31640.0000 30733.0000 30359.0000 30279.0000 29970.0000 30157.0000 31916.0000 32850.0000 30521.0000 27402.0000 
25397.0000 24033.0000 23189.0000 22632.0000 22299.0000 22429.0000 22978.0000 26110.0000 29117.0000 30281.0000 31582.0000 31901.0000 32355.0000 32528.0000 31794.0000 30474.0000 30331.0000 30277.0000 29994.0000 29686.0000 31538.0000 32850.0000 30254.0000 27351.0000 
25406.0000 23999.0000 23039.0000 22327.0000 22164.0000 22124.0000 23106.0000 26100.0000 29234.0000 29595.0000 30868.0000 31179.0000 31418.0000 31508.0000 30652.0000 29620.0000 29374.0000 29166.0000 29122.0000 28994.0000 31173.0000 32457.0000 29879.0000 26998.0000 
24801.0000 23678.0000 22745.0000 21945.0000 21764.0000 21909.0000 22811.0000 25755.0000 28824.0000 29718.0000 30581.0000 30861.0000 31072.0000 31374.0000 30574.0000 29179.0000 28979.0000 28977.0000 28911.0000 28700.0000 31025.0000 31998.0000 29527.0000 26642.0000 
24654.0000 23748.0000 22601.0000 21878.0000 21855.0000 21817.0000 22286.0000 25195.0000 28039.0000 28538.0000 29665.0000 30089.0000 30167.0000 30396.0000 29951.0000 28762.0000 28180.0000 27889.0000 27713.0000 27829.0000 29864.0000 30923.0000 28928.0000 26639.0000 
24814.0000 23590.0000 22323.0000 21551.0000 21077.0000 20617.0000 20612.0000 21701.0000 22753.0000 24071.0000 26251.0000 27002.0000 27091.0000 26795.0000 26736.0000 25649.0000 24570.0000 24325.0000 24363.0000 24368.0000 26973.0000 27992.0000 26717.0000 24890.0000 
23145.0000 21999.0000 21079.0000 20069.0000 19521.0000 19345.0000 19714.0000 19993.0000 20601.0000 20919.0000 22951.0000 23914.0000 24679.0000 24664.0000 25217.0000 23700.0000 22876.0000 22369.0000 21941.0000 22675.0000 25111.0000 26479.0000 25726.0000 24563.0000 
23227.0000 21909.0000 20749.0000 19792.0000 19692.0000 19514.0000 19677.0000 20230.0000 21192.0000 21554.0000 23600.0000 24788.0000 25193.0000 25438.0000 25872.0000 24584.0000 23292.0000 23131.0000 22761.0000 23519.0000 26319.0000 27928.0000 26912.0000 24931.0000 
23120.0000 21653.0000 20624.0000 20235.0000 19895.0000 20162.0000 21197.0000 24591.0000 28503.0000 29505.0000 30658.0000 31061.0000 31120.0000 31587.0000 30885.0000 29793.0000 29116.0000 29039.0000 28899.0000 28857.0000 31383.0000 32199.0000 29773.0000 26761.0000 
24665.0000 23136.0000 22521.0000 21555.0000 21727.0000 21718.0000 22625.0000 25276.0000 29183.0000 29711.0000 30678.0000 30845.0000 31076.0000 31150.0000 30084.0000 29116.0000 28762.0000 28640.0000 28665.0000 28341.0000 31483.0000 32218.0000 29662.0000 26901.0000 
24729.0000 23462.0000 22432.0000 21658.0000 21674.0000 21537.0000 22439.0000 25157.0000 28827.0000 29635.0000 30666.0000 30818.0000 30919.0000 31064.0000 30371.0000 29147.0000 29028.0000 29028.0000 28839.0000 28699.0000 31812.0000 32594.0000 29887.0000 26978.0000 
24955.0000 23595.0000 22437.0000 21950.0000 21660.0000 21731.0000 22534.0000 25657.0000 29465.0000 30004.0000 31110.0000 31011.0000 31459.0000 31590.0000 30498.0000 29408.0000 28987.0000 28725.0000 28719.0000 28705.0000 31356.0000 31634.0000 29473.0000 26966.0000 
25202.0000 23486.0000 22466.0000 21679.0000 21559.0000 20923.0000 21161.0000 22132.0000 23552.0000 24638.0000 26896.0000 27825.0000 27872.0000 28055.0000 27827.0000 26535.0000 25128.0000 25011.0000 24858.0000 25576.0000 28151.0000 28816.0000 27477.0000 25518.0000 
23647.0000 22081.0000 20874.0000 20053.0000 19684.0000 19395.0000 19750.0000 19831.0000 20815.0000 21028.0000 22721.0000 24060.0000 24506.0000 24901.0000 25180.0000 24114.0000 23248.0000 22644.0000 22948.0000 23850.0000 26851.0000 27662.0000 26974.0000 25048.0000 
23256.0000 21834.0000 20866.0000 20667.0000 20240.0000 20527.0000 21949.0000 25187.0000 29002.0000 29995.0000 30951.0000 31522.0000 31894.0000 31736.0000 30925.0000 29998.0000 29509.0000 29480.0000 29645.0000 29804.0000 32786.0000 32788.0000 30165.0000 27117.0000 
25147.0000 23485.0000 22502.0000 22040.0000 21595.0000 21772.0000 22787.0000 25702.0000 29472.0000 30215.0000 31109.0000 31363.0000 31653.0000 31956.0000 30676.0000 29833.0000 29796.0000 29258.0000 29391.0000 29623.0000 32522.0000 32647.0000 29973.0000 27173.0000 
25172.0000 23650.0000 22650.0000 21851.0000 21673.0000 21869.0000 22719.0000 25812.0000 29843.0000 30274.0000 31050.0000 31349.0000 31423.0000 31566.0000 30389.0000 29354.0000 29221.0000 29152.0000 28814.0000 29049.0000 32273.0000 32355.0000 29680.0000 26996.0000 
25026.0000 23613.0000 22509.0000 21934.0000 21730.0000 21871.0000 22793.0000 25450.0000 29548.0000 30181.0000 30917.0000 30782.0000 30957.0000 31062.0000 30532.0000 29093.0000 28889.0000 28690.0000 28558.0000 29012.0000 32161.0000 32324.0000 29979.0000 27070.0000 
25014.0000 23731.0000 22734.0000 22018.0000 21732.0000 21661.0000 22542.0000 25625.0000 29631.0000 30467.0000 31085.0000 31530.0000 31608.0000 31441.0000 30442.0000 29527.0000 28955.0000 28598.0000 28836.0000 28978.0000 31817.0000 31842.0000 29790.0000 27111.0000 
25378.0000 23777.0000 22222.0000 21513.0000 21066.0000 20994.0000 20858.0000 22004.0000 23300.0000 24617.0000 26435.0000 27677.0000 27456.0000 27809.0000 27763.0000 26359.0000 24903.0000 24455.0000 24694.0000 25282.0000 28061.0000 28022.0000 27294.0000 25077.0000 
23513.0000 21689.0000 20019.0000 19657.0000 19473.0000 19215.0000 19562.0000 20007.0000 20276.0000 22178.0000 23751.0000 24032.0000 24241.0000 24382.0000 24829.0000 23910.0000 22861.0000 22440.0000 23113.0000 25994.0000 26582.0000 27200.0000 26068.0000 24609.0000 
22567.0000 21253.0000 20224.0000 20206.0000 20005.0000 20550.0000 21706.0000 25128.0000 28072.0000 29792.0000 30915.0000 31345.0000 31545.0000 31820.0000 30911.0000 29632.0000 29455.0000 29385.0000 29956.0000 32422.0000 32831.0000 32286.0000 29555.0000 26589.0000 
24754.0000 23157.0000 22097.0000 21705.0000 21618.0000 21759.0000 22895.0000 25942.0000 28664.0000 30271.0000 31054.0000 31463.0000 31559.0000 31873.0000 31114.0000 29872.0000 29544.0000 29424.0000 30162.0000 32982.0000 33282.0000 32612.0000 30269.0000 27237.0000 
24889.0000 23505.0000 22196.0000 21914.0000 21444.0000 21499.0000 22465.0000 25615.0000 28420.0000 29562.0000 31094.0000 31397.0000 31375.0000 31433.0000 30793.0000 29874.0000 29660.0000 29351.0000 30198.0000 32903.0000 33483.0000 32807.0000 30162.0000 27309.0000 
25018.0000 23611.0000 22654.0000 21893.0000 21574.0000 21856.0000 22819.0000 26025.0000 28193.0000 29834.0000 30863.0000 30912.0000 31210.0000 31424.0000 30568.0000 29760.0000 29737.0000 29469.0000 30252.0000 32992.0000 33191.0000 32566.0000 30320.0000 27524.0000 
25190.0000 23643.0000 22625.0000 22054.0000 21792.0000 21955.0000 22859.0000 26149.0000 28435.0000 30157.0000 30874.0000 31057.0000 31222.0000 31461.0000 30423.0000 29653.0000 28985.0000 28940.0000 29689.0000 32008.0000 31855.0000 31211.0000 29299.0000 26965.0000 
24757.0000 23575.0000 22254.0000 21695.0000 21273.0000 21240.0000 20916.0000 21750.0000 22379.0000 24775.0000 26783.0000 27280.0000 27362.0000 27365.0000 27277.0000 25765.0000 24974.0000 24633.0000 25202.0000 27691.0000 27995.0000 28026.0000 26485.0000 24776.0000 
23075.0000 21740.0000 20312.0000 19621.0000 19310.0000 18970.0000 19330.0000 19433.0000 19465.0000 21362.0000 23129.0000 24005.0000 24210.0000 24291.0000 24801.0000 23756.0000 23372.0000 22785.0000 23817.0000 26120.0000 27095.0000 27160.0000 26250.0000 24747.0000 
22977.0000 21563.0000 20534.0000 19913.0000 19788.0000 19966.0000 20943.0000 23514.0000 25447.0000 27327.0000 28707.0000 29668.0000 29934.0000 30148.0000 29984.0000 28719.0000 28120.0000 27879.0000 28713.0000 30890.0000 31226.0000 31010.0000 29010.0000 26760.0000 
24411.0000 23019.0000 21938.0000 21548.0000 21266.0000 21273.0000 22889.0000 25744.0000 28913.0000 30516.0000 31468.0000 31878.0000 31927.0000 32023.0000 31041.0000 30248.0000 29964.0000 29665.0000 30719.0000 33469.0000 33254.0000 33023.0000 30386.0000 27792.0000 
25155.0000 23527.0000 22735.0000 22254.0000 21803.0000 21961.0000 22464.0000 26016.0000 28645.0000 30563.0000 31308.0000 31702.0000 31711.0000 31890.0000 30939.0000 29982.0000 29610.0000 29528.0000 30758.0000 33041.0000 33202.0000 32817.0000 30358.0000 27767.0000 
25110.0000 23732.0000 22561.0000 22054.0000 21894.0000 21678.0000 22937.0000 25673.0000 28648.0000 30225.0000 31016.0000 31329.0000 31462.0000 31621.0000 30745.0000 29765.0000 29425.0000 29542.0000 30651.0000 32918.0000 32941.0000 32749.0000 30290.0000 27537.0000 
25447.0000 23820.0000 22492.0000 21897.0000 21626.0000 21967.0000 22621.0000 25988.0000 28856.0000 30401.0000 30963.0000 31407.0000 31311.0000 31609.0000 30731.0000 29573.0000 29113.0000 28815.0000 29767.0000 32119.0000 32063.0000 31846.0000 29934.0000 27367.0000 
25329.0000 23854.0000 22204.0000 21849.0000 21670.0000 21102.0000 20654.0000 21855.0000 22353.0000 24699.0000 26564.0000 27301.0000 27263.0000 27384.0000 27334.0000 25822.0000 24712.0000 24134.0000 25261.0000 27713.0000 28160.0000 28199.0000 27136.0000 24966.0000 
23390.0000 21580.0000 20585.0000 19765.0000 19573.0000 19648.0000 19847.0000 20458.0000 20404.0000 21952.0000 23956.0000 24027.0000 24415.0000 24899.0000 25132.0000 24051.0000 23048.0000 22586.0000 23408.0000 26087.0000 27228.0000 27604.0000 26718.0000 25066.0000 
23041.0000 21417.0000 20626.0000 19617.0000 19988.0000 20206.0000 21217.0000 24454.0000 27248.0000 28644.0000 29507.0000 30221.0000 30416.0000 30578.0000 29860.0000 28725.0000 28396.0000 28445.0000 29610.0000 32101.0000 32252.0000 32112.0000 29786.0000 26714.0000 
24286.0000 23165.0000 22057.0000 21563.0000 21441.0000 21569.0000 22503.0000 25708.0000 28518.0000 30027.0000 30811.0000 30793.0000 31137.0000 31380.0000 30465.0000 29385.0000 29116.0000 29136.0000 30607.0000 32717.0000 33068.0000 32646.0000 30278.0000 27226.0000 
24806.0000 23407.0000 22349.0000 21944.0000 21618.0000 21923.0000 22482.0000 26061.0000 28702.0000 30230.0000 31212.0000 31035.0000 31270.0000 31410.0000 30482.0000 29535.0000 29352.0000 29197.0000 30581.0000 32933.0000 33242.0000 32792.0000 30207.0000 27577.0000 
25187.0000 23403.0000 22284.0000 21776.0000 21924.0000 22145.0000 22843.0000 26125.0000 28917.0000 30450.0000 31336.0000 31368.0000 31470.0000 31467.0000 30761.0000 29692.0000 29167.0000 29429.0000 30790.0000 33078.0000 33205.0000 32780.0000 30395.0000 27637.0000 
25364.0000 23867.0000 22900.0000 22432.0000 21967.0000 22034.0000 22830.0000 26122.0000 29090.0000 30470.0000 31386.0000 31446.0000 31424.0000 31540.0000 30467.0000 29413.0000 29146.0000 28847.0000 30563.0000 32502.0000 32696.0000 32050.0000 29856.0000 27343.0000 
25404.0000 23845.0000 22658.0000 21556.0000 21065.0000 20894.0000 21050.0000 21986.0000 22968.0000 25019.0000 27063.0000 27699.0000 27550.0000 27520.0000 27526.0000 25688.0000 24909.0000 24289.0000 25695.0000 27898.0000 28151.0000 28737.0000 27300.0000 25618.0000 
23786.0000 21960.0000 20599.0000 19932.0000 19689.0000 19304.0000 19353.0000 19846.0000 20096.0000 21208.0000 23313.0000 24348.0000 24590.0000 24445.0000 24868.0000 24011.0000 23105.0000 22931.0000 23947.0000 26598.0000 27583.0000 28211.0000 27560.0000 25660.0000 
23195.0000 21631.0000 20882.0000 20472.0000 20045.0000 20697.0000 21733.0000 25442.0000 29059.0000 30379.0000 31542.0000 31815.0000 31770.0000 31728.0000 30857.0000 29694.0000 29512.0000 29456.0000 31092.0000 33504.0000 33638.0000 33167.0000 30711.0000 28123.0000 
25527.0000 24071.0000 22612.0000 21882.0000 21955.0000 22083.0000 23011.0000 26328.0000 30138.0000 31181.0000 32190.0000 32379.0000 32516.0000 32363.0000 31421.0000 30316.0000 30100.0000 29886.0000 31795.0000 33811.0000 34046.0000 33768.0000 31206.0000 28507.0000 
25845.0000 24205.0000 22740.0000 21979.0000 22027.0000 22374.0000 23313.0000 26506.0000 30229.0000 31396.0000 32119.0000 32333.0000 32240.0000 32264.0000 31365.0000 30416.0000 30035.0000 29848.0000 31581.0000 33848.0000 33993.0000 33666.0000 31199.0000 28384.0000 
25915.0000 23971.0000 22647.0000 22164.0000 21937.0000 22155.0000 22969.0000 26639.0000 29763.0000 31125.0000 31831.0000 31871.0000 31943.0000 32021.0000 31289.0000 30405.0000 30044.0000 29922.0000 31844.0000 33581.0000 33845.0000 33594.0000 31333.0000 28580.0000 
26042.0000 24279.0000 23123.0000 22420.0000 22224.0000 22308.0000 23292.0000 26752.0000 29751.0000 31027.0000 32269.0000 32369.0000 31991.0000 32112.0000 31145.0000 30312.0000 30132.0000 29806.0000 31537.0000 32994.0000 33127.0000 32660.0000 30717.0000 28643.0000 
26576.0000 24901.0000 23253.0000 22568.0000 21920.0000 21953.0000 21850.0000 22912.0000 23818.0000 25650.0000 28175.0000 29032.0000 28723.0000 28834.0000 28888.0000 27111.0000 26354.0000 26060.0000 27537.0000 28777.0000 28789.0000 29336.0000 28272.0000 26444.0000 
24575.0000 23106.0000 21798.0000 20635.0000 20261.0000 19955.0000 20170.0000 20569.0000 20872.0000 21965.0000 24368.0000 25935.0000 26198.0000 26351.0000 26983.0000 25866.0000 24606.0000 24470.0000 26098.0000 28321.0000 29172.0000 29828.0000 29028.0000 27103.0000 
24658.0000 22847.0000 21713.0000 21109.0000 20931.0000 21237.0000 22738.0000 26634.0000 30857.0000 32791.0000 34352.0000 34629.0000 34250.0000 34438.0000 33209.0000 32457.0000 32096.0000 32211.0000 34195.0000 35926.0000 36156.0000 35666.0000 33476.0000 30294.0000 
27626.0000 25386.0000 23969.0000 23418.0000 23027.0000 23557.0000 24533.0000 28286.0000 32432.0000 34016.0000 35312.0000 35688.0000 35103.0000 35182.0000 34028.0000 33324.0000 32992.0000 33282.0000 35412.0000 37150.0000 37241.0000 36973.0000 34383.0000 31419.0000 
28089.0000 25540.0000 24085.0000 23596.0000 22885.0000 23335.0000 24793.0000 28319.0000 32370.0000 33926.0000 35212.0000 35360.0000 34669.0000 34461.0000 33681.0000 32800.0000 32537.0000 32291.0000 34295.0000 35972.0000 36452.0000 36014.0000 33486.0000 31257.0000 
28042.0000 25993.0000 24187.0000 23544.0000 23365.0000 23454.0000 24703.0000 28202.0000 32162.0000 33311.0000 34243.0000 34424.0000 34126.0000 33903.0000 33143.0000 32036.0000 32035.0000 31811.0000 34018.0000 35650.0000 35951.0000 35685.0000 33482.0000 30958.0000 
28035.0000 25881.0000 24524.0000 23548.0000 23367.0000 23519.0000 24522.0000 27750.0000 31844.0000 33237.0000 34068.0000 33726.0000 33530.0000 33327.0000 32578.0000 31450.0000 30824.0000 30792.0000 32984.0000 34639.0000 34403.0000 34342.0000 32272.0000 30256.0000 
27994.0000 26043.0000 24127.0000 23101.0000 22449.0000 22681.0000 22558.0000 23672.0000 25427.0000 27060.0000 29532.0000 30175.0000 29862.0000 29465.0000 29290.0000 28280.0000 27278.0000 26887.0000 28623.0000 30300.0000 30665.0000 30798.0000 29867.0000 28154.0000 
26318.0000 24088.0000 22463.0000 21365.0000 21015.0000 20773.0000 20988.0000 21513.0000 22197.0000 23191.0000 25217.0000 26722.0000 26225.0000 26608.0000 26937.0000 25746.0000 25123.0000 24904.0000 26619.0000 28915.0000 30193.0000 30546.0000 30036.0000 28255.0000 
25718.0000 23694.0000 22133.0000 21951.0000 21632.0000 21803.0000 23337.0000 27344.0000 32242.0000 33831.0000 35097.0000 35054.0000 34459.0000 34281.0000 33141.0000 32236.0000 31936.0000 31908.0000 34377.0000 36274.0000 36447.0000 36292.0000 33853.0000 31369.0000 
28192.0000 25973.0000 24346.0000 23822.0000 23542.0000 23463.0000 24867.0000 28730.0000 33126.0000 34163.0000 35034.0000 34899.0000 34313.0000 34258.0000 33260.0000 32213.0000 32267.0000 32520.0000 34669.0000 36464.0000 36674.0000 36425.0000 34146.0000 31226.0000 
27897.0000 26074.0000 24514.0000 23738.0000 23445.0000 23858.0000 24752.0000 28514.0000 32863.0000 34222.0000 34889.0000 34927.0000 34435.0000 34334.0000 33441.0000 32565.0000 32541.0000 32543.0000 34672.0000 36235.0000 36551.0000 36422.0000 33973.0000 31154.0000 
28137.0000 26275.0000 24193.0000 23839.0000 23641.0000 23634.0000 24590.0000 28580.0000 32519.0000 33601.0000 34486.0000 34289.0000 33617.0000 33472.0000 32729.0000 31879.0000 32005.0000 31867.0000 34123.0000 35775.0000 36019.0000 35714.0000 33599.0000 30910.0000 
28006.0000 25740.0000 24456.0000 23620.0000 23406.0000 23441.0000 24600.0000 28268.0000 32492.0000 33424.0000 34312.0000 34312.0000 33960.0000 33698.0000 32677.0000 31726.0000 31366.0000 31184.0000 33318.0000 34699.0000 34939.0000 34532.0000 32604.0000 30487.0000 
28223.0000 26320.0000 24513.0000 23066.0000 22513.0000 22325.0000 22601.0000 23625.0000 25033.0000 27114.0000 29699.0000 30575.0000 30040.0000 29628.0000 29420.0000 28289.0000 27470.0000 27076.0000 28971.0000 30629.0000 30808.0000 31131.0000 30127.0000 28576.0000 
26606.0000 24318.0000 22823.0000 21838.0000 21341.0000 20951.0000 21117.0000 21763.0000 22357.0000 23192.0000 25799.0000 26775.0000 26569.0000 26373.0000 26904.0000 26105.0000 25227.0000 24689.0000 26518.0000 28454.0000 28868.0000 29456.0000 29120.0000 28042.0000 
25707.0000 23441.0000 22199.0000 21220.0000 20932.0000 21067.0000 21552.0000 23633.0000 25209.0000 26694.0000 28410.0000 29215.0000 28980.0000 29108.0000 29348.0000 28521.0000 27746.0000 27651.0000 29088.0000 30379.0000 30660.0000 30758.0000 29832.0000 27960.0000 
25659.0000 24258.0000 22430.0000 21282.0000 20772.0000 20789.0000 21080.0000 21844.0000 22469.0000 23547.0000 25777.0000 27199.0000 27069.0000 27059.0000 27322.0000 26614.0000 25653.0000 25604.0000 27571.0000 29237.0000 30095.0000 30759.0000 29981.0000 28161.0000 
25673.0000 23371.0000 22279.0000 21678.0000 21409.0000 21464.0000 22976.0000 26992.0000 31862.0000 32895.0000 33652.0000 33748.0000 33477.0000 33283.0000 32596.0000 31845.0000 31768.0000 32037.0000 34043.0000 35279.0000 35332.0000 35086.0000 33006.0000 30210.0000 
27535.0000 25623.0000 24142.0000 23252.0000 22862.0000 23101.0000 24425.0000 27621.0000 31942.0000 33199.0000 33875.0000 34085.0000 33624.0000 33663.0000 32750.0000 31756.0000 31763.0000 31875.0000 33910.0000 35251.0000 35666.0000 35379.0000 33188.0000 30573.0000 
27803.0000 25884.0000 24439.0000 23542.0000 23096.0000 23214.0000 24574.0000 28037.0000 32565.0000 33429.0000 34241.0000 34206.0000 33829.0000 33482.0000 32720.0000 31685.0000 31516.0000 31612.0000 33502.0000 35001.0000 34776.0000 34380.0000 32513.0000 30384.0000 
28003.0000 26153.0000 24276.0000 23090.0000 22849.0000 22306.0000 22609.0000 23639.0000 25251.0000 27207.0000 29702.0000 30903.0000 30339.0000 30304.0000 30264.0000 28863.0000 28000.0000 27690.0000 29421.0000 30891.0000 31379.0000 31618.0000 30530.0000 28707.0000 
26768.0000 24332.0000 22879.0000 21641.0000 21058.0000 20584.0000 20680.0000 21359.0000 22424.0000 23330.0000 25631.0000 27315.0000 27639.0000 27674.0000 27962.0000 27248.0000 26059.0000 25909.0000 27947.0000 29611.0000 30538.0000 31566.0000 30794.0000 29223.0000 
26321.0000 24222.0000 22678.0000 21961.0000 21741.0000 22300.0000 23592.0000 27809.0000 32416.0000 33625.0000 34777.0000 35045.0000 34800.0000 34622.0000 33944.0000 32976.0000 32833.0000 32860.0000 34923.0000 36219.0000 36363.0000 36202.0000 33877.0000 31351.0000 
28215.0000 26390.0000 24584.0000 23636.0000 23426.0000 23464.0000 24681.0000 28209.0000 32972.0000 33827.0000 34531.0000 34561.0000 33985.0000 33733.0000 32648.0000 32048.0000 31931.0000 31815.0000 34256.0000 35746.0000 36025.0000 35730.0000 33822.0000 31099.0000 
27871.0000 25906.0000 23933.0000 23287.0000 23042.0000 23359.0000 24499.0000 27887.0000 32449.0000 33487.0000 34156.0000 34141.0000 33707.0000 33427.0000 32526.0000 31778.0000 31711.0000 31676.0000 34000.0000 35278.0000 35405.0000 35182.0000 33124.0000 30622.0000 
27828.0000 25808.0000 24315.0000 23438.0000 23089.0000 23094.0000 24324.0000 27994.0000 32337.0000 33217.0000 34004.0000 33926.0000 33654.0000 33284.0000 32339.0000 31515.0000 31415.0000 31674.0000 33847.0000 35203.0000 35232.0000 35070.0000 33017.0000 30235.0000 
27284.0000 25368.0000 23874.0000 23096.0000 22632.0000 22944.0000 24020.0000 27448.0000 32008.0000 32640.0000 33678.0000 33768.0000 33089.0000 32735.0000 32003.0000 30898.0000 30616.0000 30487.0000 32485.0000 33950.0000 34044.0000 33567.0000 32024.0000 29855.0000 
27500.0000 25878.0000 24049.0000 22983.0000 22264.0000 22326.0000 22238.0000 23688.0000 25150.0000 26937.0000 29499.0000 30711.0000 29960.0000 29627.0000 29360.0000 28303.0000 27210.0000 26984.0000 28736.0000 30542.0000 31108.0000 31309.0000 30215.0000 28550.0000 
26360.0000 23844.0000 22167.0000 21087.0000 20441.0000 20221.0000 20737.0000 21220.0000 22257.0000 22864.0000 25324.0000 26566.0000 26753.0000 26674.0000 27220.0000 26313.0000 25733.0000 25372.0000 26818.0000 28824.0000 29652.0000 30415.0000 29843.0000 28132.0000 
25710.0000 23542.0000 22152.0000 21381.0000 21061.0000 21424.0000 22606.0000 26353.0000 30683.0000 32397.0000 33341.0000 33483.0000 32950.0000 32856.0000 31842.0000 30970.0000 30518.0000 30667.0000 32499.0000 34424.0000 34322.0000 34276.0000 32239.0000 29632.0000 
26671.0000 24781.0000 23305.0000 22431.0000 22048.0000 22320.0000 23395.0000 26603.0000 31126.0000 32600.0000 33589.0000 33612.0000 32971.0000 32651.0000 31849.0000 30809.0000 30791.0000 30890.0000 32927.0000 34484.0000 34380.0000 34048.0000 32495.0000 29899.0000 
27088.0000 24940.0000 23418.0000 22394.0000 21861.0000 22054.0000 23246.0000 25862.0000 29499.0000 31791.0000 33217.0000 33221.0000 32738.0000 32364.0000 31723.0000 30382.0000 30169.0000 30351.0000 32093.0000 33326.0000 32990.0000 32882.0000 31606.0000 29160.0000 
26477.0000 24313.0000 22442.0000 21376.0000 20699.0000 20820.0000 21128.0000 22681.0000 24961.0000 27117.0000 29302.0000 29686.0000 29176.0000 28238.0000 27662.0000 26269.0000 25726.0000 25457.0000 27690.0000 29620.0000 28864.0000 27578.0000 25126.0000 23290.0000 
22747.0000 22022.0000 20815.0000 19370.0000 18426.0000 18009.0000 18038.0000 18451.0000 18884.0000 18926.0000 20870.0000 22656.0000 23426.0000 23555.0000 23488.0000 21780.0000 20568.0000 20674.0000 22309.0000 24442.0000 25124.0000 25807.0000 25907.0000 25045.0000 
23266.0000 21279.0000 19711.0000 18759.0000 18563.0000 18619.0000 18957.0000 19935.0000 21224.0000 22382.0000 25362.0000 26858.0000 26839.0000 26804.0000 26632.0000 25396.0000 24800.0000 24486.0000 26247.0000 27983.0000 28529.0000 28900.0000 28206.0000 26830.0000 
24754.0000 22637.0000 20979.0000 19799.0000 19253.0000 19316.0000 19303.0000 19751.0000 20530.0000 21301.0000 23585.0000 25364.0000 25380.0000 25479.0000 25869.0000 24955.0000 24149.0000 23878.0000 25730.0000 27611.0000 28300.0000 29158.0000 28341.0000 26863.0000 
24535.0000 22226.0000 20783.0000 19898.0000 19449.0000 19691.0000 20704.0000 23466.0000 26335.0000 28846.0000 30793.0000 31309.0000 31102.0000 30855.0000 30925.0000 29709.0000 29580.0000 29491.0000 30751.0000 31914.0000 31823.0000 31717.0000 30648.0000 28135.0000 
25433.0000 23280.0000 21496.0000 20571.0000 20268.0000 20260.0000 21121.0000 23466.0000 26506.0000 28594.0000 30605.0000 31188.0000 30701.0000 30509.0000 30316.0000 28686.0000 28341.0000 28298.0000 29925.0000 31558.0000 31630.0000 31732.0000 30291.0000 27661.0000 
25308.0000 22957.0000 21267.0000 20144.0000 19928.0000 19877.0000 20941.0000 23247.0000 26181.0000 28232.0000 30093.0000 30844.0000 30310.0000 30175.0000 30138.0000 28877.0000 28467.0000 28575.0000 30004.0000 31376.0000 31301.0000 31138.0000 30073.0000 27943.0000 
25495.0000 23116.0000 21315.0000 20085.0000 19488.0000 19421.0000 20094.0000 21594.0000 23656.0000 25543.0000 27594.0000 28507.0000 28169.0000 27609.0000 27618.0000 26420.0000 25710.0000 25586.0000 27192.0000 29656.0000 29217.0000 28071.0000 25671.0000 23601.0000 
22508.0000 22219.0000 21078.0000 19688.0000 18669.0000 18126.0000 17991.0000 18399.0000 18780.0000 18409.0000 19653.0000 21237.0000 22219.0000 22860.0000 23487.0000 22726.0000 21550.0000 21433.0000 22711.0000 24908.0000 25519.0000 26181.0000 25917.0000 24902.0000 
22863.0000 21307.0000 19888.0000 18813.0000 18497.0000 18270.0000 18886.0000 20395.0000 21609.0000 22560.0000 25461.0000 26870.0000 27092.0000 26969.0000 27305.0000 26130.0000 25582.0000 25107.0000 26345.0000 28367.0000 28808.0000 29518.0000 28591.0000 27084.0000 
24998.0000 22862.0000 21423.0000 20051.0000 19371.0000 19364.0000 19407.0000 19962.0000 20659.0000 21295.0000 23895.0000 25818.0000 26513.0000 26549.0000 27456.0000 26537.0000 25450.0000 25377.0000 26714.0000 28318.0000 28958.0000 29550.0000 28882.0000 27328.0000 
24920.0000 22797.0000 20974.0000 20489.0000 20053.0000 20063.0000 21309.0000 23808.0000 27085.0000 29060.0000 30956.0000 31829.0000 31803.0000 31964.0000 32013.0000 30671.0000 30392.0000 30214.0000 31258.0000 32322.0000 32221.0000 32331.0000 31058.0000 28720.0000 
26180.0000 24093.0000 22506.0000 21232.0000 21139.0000 21156.0000 22197.0000 24630.0000 27426.0000 29656.0000 31400.0000 32027.0000 31826.0000 31516.0000 31263.0000 29973.0000 29345.0000 29155.0000 29675.0000 30436.0000 30114.0000 30385.0000 29179.0000 27783.0000 
26285.0000 24073.0000 22075.0000 20984.0000 20355.0000 20122.0000 20128.0000 20783.0000 21625.0000 22028.0000 23959.0000 25487.0000 26185.0000 26361.0000 26468.0000 25358.0000 24465.0000 24208.0000 25484.0000 27673.0000 28480.0000 29292.0000 29400.0000 28036.0000 
25482.0000 23470.0000 21731.0000 20851.0000 20580.0000 20838.0000 22023.0000 25894.0000 29742.0000 31907.0000 33927.0000 34413.0000 34406.0000 34449.0000 34118.0000 32718.0000 32323.0000 32389.0000 33348.0000 35027.0000 35190.0000 35045.0000 33357.0000 30728.0000 
27885.0000 26149.0000 24635.0000 23655.0000 22840.0000 22904.0000 23965.0000 27251.0000 30808.0000 32296.0000 33209.0000 33769.0000 33586.0000 33362.0000 33004.0000 31641.0000 31377.0000 31046.0000 32399.0000 33948.0000 33872.0000 33592.0000 31774.0000 29720.0000 
27541.0000 25582.0000 23889.0000 22939.0000 22562.0000 22044.0000 22357.0000 23097.0000 24504.0000 26131.0000 28735.0000 30087.0000 29983.0000 29769.0000 29718.0000 28480.0000 27535.0000 27249.0000 28590.0000 30728.0000 30728.0000 30881.0000 29818.0000 28384.0000 
26686.0000 24540.0000 22789.0000 21684.0000 20752.0000 20745.0000 20669.0000 21014.0000 22068.0000 22718.0000 24895.0000 27096.0000 27635.0000 28216.0000 29047.0000 27991.0000 27005.0000 26501.0000 27510.0000 29663.0000 30458.0000 31177.0000 30268.0000 28777.0000 
26310.0000 23880.0000 22539.0000 21227.0000 21210.0000 21604.0000 22930.0000 26954.0000 31361.0000 32429.0000 33525.0000 33872.0000 33928.0000 34052.0000 33359.0000 32384.0000 32604.0000 32361.0000 33184.0000 35423.0000 35528.0000 35362.0000 33303.0000 30353.0000 
27575.0000 25660.0000 24353.0000 24104.0000 23334.0000 23454.0000 24697.0000 28237.0000 32633.0000 33965.0000 34559.0000 34693.0000 34208.0000 33543.0000 33146.0000 32309.0000 32163.0000 32173.0000 33071.0000 35936.0000 36372.0000 36155.0000 34071.0000 31102.0000 
28131.0000 26034.0000 24831.0000 23598.0000 23325.0000 23696.0000 24760.0000 28468.0000 33088.0000 34404.0000 35424.0000 35670.0000 35247.0000 35167.0000 34111.0000 33301.0000 33124.0000 33129.0000 34289.0000 36378.0000 36987.0000 36666.0000 34623.0000 31775.0000 
28810.0000 26958.0000 25385.0000 24319.0000 23853.0000 23963.0000 25096.0000 28624.0000 33237.0000 34488.0000 35286.0000 35573.0000 35501.0000 35714.0000 34751.0000 33881.0000 33718.0000 33741.0000 34557.0000 36711.0000 36643.0000 36340.0000 34228.0000 31490.0000 
28698.0000 26478.0000 24991.0000 24122.0000 23589.0000 24116.0000 25124.0000 28866.0000 33064.0000 34390.0000 35503.0000 35865.0000 35711.0000 35577.0000 34274.0000 33481.0000 33002.0000 32714.0000 33464.0000 35971.0000 36110.0000 35846.0000 34172.0000 31915.0000 
29277.0000 27090.0000 25583.0000 24373.0000 23942.0000 23391.0000 23436.0000 24738.0000 26133.0000 28156.0000 31436.0000 32204.0000 31908.0000 31381.0000 31030.0000 29873.0000 28770.0000 28647.0000 29171.0000 31978.0000 32804.0000 33070.0000 32545.0000 30717.0000 
28299.0000 25706.0000 23606.0000 22707.0000 21962.0000 21941.0000 21925.0000 22529.0000 23560.0000 24276.0000 27073.0000 29057.0000 29484.0000 29432.0000 29974.0000 29180.0000 28246.0000 27578.0000 28379.0000 31668.0000 32622.0000 33552.0000 32749.0000 30956.0000 
27807.0000 25272.0000 24050.0000 23278.0000 22981.0000 22963.0000 25018.0000 28839.0000 33782.0000 35523.0000 36927.0000 37195.0000 36827.0000 36534.0000 35665.0000 34635.0000 34592.0000 34313.0000 34905.0000 37242.0000 37618.0000 37410.0000 35119.0000 32056.0000 
28885.0000 26368.0000 25039.0000 24210.0000 24007.0000 23953.0000 25286.0000 29295.0000 34156.0000 35329.0000 36503.0000 36495.0000 35999.0000 35910.0000 34986.0000 34028.0000 34228.0000 33807.0000 35075.0000 37708.0000 38012.0000 37743.0000 35652.0000 32572.0000 
29178.0000 26922.0000 24958.0000 24534.0000 24096.0000 24266.0000 25549.0000 29097.0000 34362.0000 35650.0000 36669.0000 36815.0000 36074.0000 35827.0000 34832.0000 33834.0000 33715.0000 33611.0000 34508.0000 37052.0000 37623.0000 37123.0000 35241.0000 32243.0000 
28950.0000 26362.0000 24817.0000 24342.0000 23782.0000 24184.0000 25301.0000 29086.0000 33923.0000 34917.0000 36052.0000 36295.0000 35706.0000 35812.0000 34985.0000 33801.0000 33996.0000 34251.0000 34803.0000 37318.0000 37574.0000 37300.0000 34977.0000 31945.0000 
28921.0000 26755.0000 25215.0000 24083.0000 23791.0000 24321.0000 25533.0000 29149.0000 33719.0000 34772.0000 35985.0000 35879.0000 35410.0000 35190.0000 34408.0000 33165.0000 33002.0000 32831.0000 33007.0000 35448.0000 35494.0000 35256.0000 33590.0000 31371.0000 
28793.0000 26583.0000 24684.0000 23712.0000 23227.0000 22527.0000 22964.0000 23823.0000 25892.0000 27518.0000 30511.0000 31170.0000 30818.0000 30279.0000 30095.0000 28755.0000 27959.0000 27138.0000 27474.0000 30499.0000 30871.0000 31514.0000 30663.0000 28567.0000 
26676.0000 24468.0000 22751.0000 22013.0000 21365.0000 20804.0000 20772.0000 21605.0000 22423.0000 23511.0000 25622.0000 27415.0000 27095.0000 27149.0000 27537.0000 26477.0000 25657.0000 25170.0000 25497.0000 29221.0000 30523.0000 31137.0000 30492.0000 28843.0000 
26172.0000 24079.0000 22443.0000 21965.0000 21850.0000 22288.0000 23389.0000 27133.0000 32079.0000 33187.0000 34226.0000 34557.0000 34366.0000 33962.0000 33171.0000 31867.0000 31854.0000 31653.0000 32154.0000 35139.0000 35764.0000 35458.0000 33394.0000 30510.0000 
27768.0000 25827.0000 24358.0000 23549.0000 23050.0000 23331.0000 24544.0000 28178.0000 32537.0000 33979.0000 34821.0000 34910.0000 34592.0000 34324.0000 33377.0000 32425.0000 32297.0000 32159.0000 32472.0000 35585.0000 36110.0000 36151.0000 34096.0000 31125.0000 
28029.0000 25899.0000 24385.0000 23773.0000 23338.0000 23527.0000 24753.0000 28596.0000 32863.0000 34100.0000 34818.0000 34905.0000 34500.0000 34215.0000 33476.0000 32540.0000 32233.0000 31970.0000 32494.0000 35643.0000 35947.0000 35789.0000 33716.0000 30971.0000 
28129.0000 25666.0000 24289.0000 23614.0000 23419.0000 23287.0000 24405.0000 28058.0000 32446.0000 33350.0000 34356.0000 34713.0000 34428.0000 34384.0000 33770.0000 32952.0000 32777.0000 32752.0000 33224.0000 35568.0000 36209.0000 35925.0000 33761.0000 31210.0000 
28144.0000 26215.0000 24433.0000 23694.0000 23265.0000 23492.0000 24545.0000 28053.0000 32180.0000 33431.0000 34422.0000 34924.0000 34448.0000 34350.0000 33392.0000 32658.0000 32234.0000 31896.0000 32260.0000 34579.0000 34934.0000 34706.0000 33167.0000 30832.0000 
28261.0000 26389.0000 24673.0000 23503.0000 22909.0000 23044.0000 22601.0000 23796.0000 25471.0000 27577.0000 30113.0000 31058.0000 30721.0000 30077.0000 29768.0000 28335.0000 27518.0000 27233.0000 27299.0000 30645.0000 31334.0000 31961.0000 30910.0000 29160.0000 
27110.0000 24521.0000 23262.0000 22460.0000 21477.0000 21510.0000 21464.0000 22158.0000 22792.0000 23690.0000 25891.0000 27038.0000 27478.0000 27272.0000 27803.0000 26206.0000 25553.0000 25111.0000 25574.0000 28784.0000 30308.0000 31023.0000 30176.0000 29099.0000 
26232.0000 23734.0000 22172.0000 21965.0000 21496.0000 21992.0000 23379.0000 27651.0000 32164.0000 33365.0000 34061.0000 33777.0000 33580.0000 33652.0000 32479.0000 31569.0000 31359.0000 31039.0000 31314.0000 34361.0000 35184.0000 35074.0000 33199.0000 30433.0000 
27492.0000 25710.0000 24204.0000 23431.0000 23333.0000 23257.0000 24448.0000 27912.0000 32639.0000 33498.0000 34462.0000 34151.0000 33672.0000 33368.0000 32641.0000 31751.0000 31352.0000 31368.0000 31574.0000 34809.0000 35465.0000 35514.0000 33400.0000 30470.0000 
27864.0000 25560.0000 24242.0000 23425.0000 23394.0000 23617.0000 24818.0000 28241.0000 32532.0000 33754.0000 34332.0000 34404.0000 33944.0000 33822.0000 33056.0000 32285.0000 31795.0000 31665.0000 31837.0000 34726.0000 35675.0000 35762.0000 33422.0000 30784.0000 
27602.0000 25745.0000 24490.0000 23818.0000 23252.0000 23703.0000 24743.0000 28260.0000 32689.0000 33623.0000 34668.0000 34422.0000 33941.0000 33763.0000 33135.0000 31958.0000 31915.0000 31581.0000 31681.0000 34905.0000 35863.0000 35684.0000 33532.0000 31065.0000 
28228.0000 26219.0000 24798.0000 23938.0000 23617.0000 23683.0000 24810.0000 28651.0000 33160.0000 34416.0000 35329.0000 35182.0000 34485.0000 34049.0000 33258.0000 32051.0000 31612.0000 31151.0000 31283.0000 34387.0000 34927.0000 34862.0000 33181.0000 30684.0000 
28243.0000 26291.0000 24742.0000 23636.0000 22936.0000 22863.0000 22966.0000 24115.0000 25737.0000 27661.0000 30862.0000 31834.0000 31132.0000 30918.0000 30766.0000 29126.0000 28240.0000 27848.0000 28006.0000 30712.0000 31239.0000 31567.0000 30763.0000 29037.0000 
26991.0000 24958.0000 23130.0000 21556.0000 21337.0000 21072.0000 21354.0000 21753.0000 22234.0000 23250.0000 25703.0000 27335.0000 27732.0000 27854.0000 27975.0000 26836.0000 26098.0000 25548.0000 25715.0000 28282.0000 30124.0000 31124.0000 30629.0000 29586.0000 
26781.0000 24366.0000 22921.0000 21939.0000 21920.0000 22253.0000 23582.0000 27591.0000 31545.0000 33170.0000 34404.0000 34773.0000 34278.0000 34001.0000 33630.0000 32391.0000 31904.0000 32072.0000 31990.0000 34542.0000 35640.0000 35310.0000 33437.0000 31104.0000 
27880.0000 26163.0000 24593.0000 24050.0000 23522.0000 23761.0000 24625.0000 28414.0000 31854.0000 33344.0000 34470.0000 34757.0000 34512.0000 34279.0000 33858.0000 32775.0000 32479.0000 32245.0000 32471.0000 34873.0000 35835.0000 35574.0000 33358.0000 30807.0000 
27841.0000 25602.0000 24400.0000 23604.0000 23202.0000 23362.0000 24817.0000 28487.0000 32697.0000 33495.0000 34553.0000 34638.0000 34614.0000 34515.0000 33712.0000 32700.0000 32635.0000 32524.0000 32378.0000 34609.0000 35574.0000 35136.0000 33260.0000 30460.0000 
27538.0000 25717.0000 24541.0000 23766.0000 23503.0000 23682.0000 24764.0000 28357.0000 32508.0000 33693.0000 34622.0000 34671.0000 34629.0000 34386.0000 33534.0000 32677.0000 32336.0000 31976.0000 32194.0000 34415.0000 35557.0000 35166.0000 33360.0000 30528.0000 
27973.0000 26456.0000 24917.0000 24186.0000 23938.0000 23840.0000 24652.0000 28485.0000 32335.0000 33296.0000 34142.0000 34701.0000 34763.0000 34570.0000 33585.0000 32774.0000 32497.0000 32011.0000 32042.0000 33832.0000 34653.0000 34397.0000 32613.0000 30510.0000 
28063.0000 26473.0000 24745.0000 23946.0000 23422.0000 23201.0000 23050.0000 23936.0000 25336.0000 27321.0000 30047.0000 31025.0000 30605.0000 30393.0000 30290.0000 28885.0000 27825.0000 27833.0000 28074.0000 29443.0000 30630.0000 31171.0000 30274.0000 28475.0000 
26557.0000 24545.0000 22698.0000 22092.0000 21414.0000 21460.0000 21810.0000 21943.0000 22223.0000 23668.0000 25781.0000 27376.0000 27922.0000 28018.0000 28294.0000 27479.0000 25943.0000 25745.0000 26463.0000 28518.0000 30372.0000 31735.0000 30836.0000 29571.0000 
27477.0000 25476.0000 23742.0000 22942.0000 22660.0000 22860.0000 24623.0000 28380.0000 32846.0000 34275.0000 35687.0000 35722.0000 35557.0000 35247.0000 34675.0000 33917.0000 33405.0000 33033.0000 33284.0000 35136.0000 37052.0000 36606.0000 34753.0000 31782.0000 
28864.0000 26621.0000 25603.0000 24634.0000 24325.0000 24326.0000 25380.0000 29553.0000 33732.0000 35605.0000 36504.0000 36178.0000 35883.0000 35640.0000 34616.0000 33210.0000 33168.0000 32974.0000 33210.0000 35427.0000 37339.0000 37587.0000 35276.0000 32428.0000 
29053.0000 27076.0000 25356.0000 24715.0000 24220.0000 24381.0000 25685.0000 29663.0000 33984.0000 35617.0000 36695.0000 36880.0000 36402.0000 36041.0000 35098.0000 34279.0000 33992.0000 33935.0000 34165.0000 36441.0000 38239.0000 37982.0000 35496.0000 33022.0000 
29109.0000 27214.0000 25553.0000 24848.0000 24560.0000 24832.0000 25944.0000 29150.0000 33867.0000 35359.0000 36461.0000 36700.0000 36402.0000 36282.0000 35675.0000 34638.0000 34880.0000 34763.0000 34437.0000 36455.0000 38107.0000 37728.0000 35860.0000 32734.0000 
29491.0000 27329.0000 25609.0000 24846.0000 24330.0000 24721.0000 25822.0000 29780.0000 33766.0000 35430.0000 36476.0000 36671.0000 36189.0000 35867.0000 34827.0000 33757.0000 33435.0000 32861.0000 32728.0000 34737.0000 36436.0000 36366.0000 34702.0000 31913.0000 
29486.0000 27616.0000 25681.0000 24235.0000 23773.0000 23602.0000 23619.0000 24508.0000 25955.0000 28399.0000 30972.0000 32157.0000 31761.0000 31116.0000 30889.0000 29439.0000 28413.0000 27790.0000 27829.0000 29672.0000 32157.0000 32881.0000 32078.0000 30005.0000 
27813.0000 25266.0000 23457.0000 22429.0000 22132.0000 21964.0000 22442.0000 22853.0000 22883.0000 24559.0000 26631.0000 28183.0000 27901.0000 27829.0000 28156.0000 27306.0000 25981.0000 25754.0000 25640.0000 27922.0000 31254.0000 32005.0000 30896.0000 29287.0000 
26736.0000 24601.0000 23150.0000 22387.0000 22155.0000 22705.0000 24365.0000 28306.0000 32157.0000 34089.0000 35162.0000 35191.0000 34346.0000 34333.0000 33179.0000 31934.0000 31745.0000 31325.0000 31481.0000 33412.0000 35782.0000 35368.0000 33820.0000 30899.0000 
27618.0000 25837.0000 24667.0000 23666.0000 23514.0000 24025.0000 24898.0000 28699.0000 32318.0000 33699.0000 34547.0000 34608.0000 33866.0000 33689.0000 33144.0000 31793.0000 31670.0000 31344.0000 30934.0000 33103.0000 35796.0000 35839.0000 33748.0000 30872.0000 
27974.0000 26338.0000 24451.0000 24113.0000 23885.0000 23944.0000 25199.0000 28711.0000 32389.0000 34004.0000 34849.0000 34848.0000 34536.0000 34358.0000 33673.0000 32570.0000 32347.0000 32014.0000 32128.0000 33960.0000 35805.0000 35604.0000 33646.0000 30895.0000 
28131.0000 26338.0000 24793.0000 24034.0000 23699.0000 23921.0000 25174.0000 28892.0000 32074.0000 33534.0000 34320.0000 34192.0000 33909.0000 33915.0000 33001.0000 32314.0000 31901.0000 31611.0000 31915.0000 33450.0000 35426.0000 35269.0000 33661.0000 31027.0000 
28211.0000 26419.0000 24759.0000 23960.0000 23416.0000 24138.0000 25173.0000 28677.0000 32075.0000 33886.0000 34984.0000 35115.0000 35090.0000 34926.0000 34478.0000 33321.0000 33250.0000 33010.0000 33144.0000 34630.0000 35790.0000 35462.0000 33920.0000 31447.0000 
28864.0000 27239.0000 25275.0000 24156.0000 23537.0000 23339.0000 23548.0000 24595.0000 25140.0000 27960.0000 31176.0000 32315.0000 32728.0000 32292.0000 32354.0000 30522.0000 29872.0000 29208.0000 29278.0000 30910.0000 33236.0000 33456.0000 32595.0000 30677.0000 
28192.0000 25528.0000 23455.0000 22340.0000 21920.0000 21498.0000 21870.0000 22001.0000 22255.0000 24329.0000 26901.0000 28503.0000 28641.0000 28811.0000 28958.0000 27901.0000 26858.0000 26466.0000 26668.0000 28525.0000 31357.0000 32077.0000 31707.0000 30277.0000 
27469.0000 25150.0000 23510.0000 22471.0000 22427.0000 22615.0000 24094.0000 28239.0000 31024.0000 33350.0000 34457.0000 34881.0000 34516.0000 34102.0000 33356.0000 32446.0000 31957.0000 31751.0000 31475.0000 32659.0000 35809.0000 35909.0000 34243.0000 31188.0000 
28284.0000 25856.0000 24611.0000 23887.0000 23403.0000 23889.0000 24668.0000 29213.0000 32494.0000 34732.0000 35626.0000 35354.0000 35009.0000 34545.0000 33377.0000 32488.0000 32188.0000 31655.0000 31790.0000 33204.0000 36181.0000 36448.0000 34276.0000 31478.0000 
28109.0000 26386.0000 24846.0000 23887.0000 23737.0000 23984.0000 25055.0000 29046.0000 32605.0000 34712.0000 35127.0000 35299.0000 34891.0000 34327.0000 33493.0000 32409.0000 32008.0000 31719.0000 31606.0000 33053.0000 36066.0000 36200.0000 33961.0000 31222.0000 
28405.0000 26203.0000 24629.0000 23896.0000 23745.0000 23669.0000 25152.0000 28656.0000 31603.0000 33536.0000 34402.0000 34785.0000 34331.0000 33935.0000 33023.0000 32041.0000 31493.0000 31403.0000 31415.0000 32499.0000 35781.0000 35419.0000 33552.0000 30964.0000 
28207.0000 26438.0000 25118.0000 24279.0000 23810.0000 23926.0000 25124.0000 29233.0000 32273.0000 33929.0000 34603.0000 34767.0000 34465.0000 34283.0000 33046.0000 32283.0000 31820.0000 31771.0000 31679.0000 32725.0000 35283.0000 35018.0000 33286.0000 30884.0000 
28690.0000 26765.0000 24589.0000 23466.0000 23226.0000 23141.0000 22830.0000 24179.0000 25004.0000 27560.0000 29951.0000 31000.0000 30752.0000 30521.0000 30325.0000 29156.0000 27744.0000 27250.0000 27340.0000 28534.0000 31540.0000 32144.0000 31019.0000 29618.0000 
27344.0000 25007.0000 23160.0000 22052.0000 21666.0000 21498.0000 21574.0000 22089.0000 22073.0000 23761.0000 26150.0000 27636.0000 27904.0000 27489.0000 28152.0000 26997.0000 25727.0000 25185.0000 25655.0000 26860.0000 30805.0000 31767.0000 31354.0000 29532.0000 
26801.0000 24865.0000 23265.0000 22642.0000 22127.0000 22937.0000 24215.0000 28569.0000 32234.0000 34589.0000 36455.0000 36850.0000 36727.0000 37013.0000 35553.0000 34632.0000 34057.0000 33596.0000 33687.0000 34313.0000 37241.0000 37119.0000 34907.0000 31838.0000 
28875.0000 26614.0000 25265.0000 24608.0000 24315.0000 24434.0000 25607.0000 29807.0000 32790.0000 35004.0000 36051.0000 35948.0000 35666.0000 35534.0000 34445.0000 33399.0000 33183.0000 32810.0000 32749.0000 33751.0000 37236.0000 37262.0000 34840.0000 32226.0000 
28699.0000 26765.0000 25072.0000 24399.0000 23896.0000 24110.0000 25346.0000 29191.0000 32857.0000 35096.0000 36775.0000 37024.0000 36784.0000 36664.0000 35420.0000 34555.0000 34265.0000 33805.0000 34102.0000 34771.0000 37820.0000 37634.0000 35139.0000 32198.0000 
29154.0000 26582.0000 25301.0000 24390.0000 24256.0000 24258.0000 25422.0000 29321.0000 32582.0000 34636.0000 35942.0000 36277.0000 36214.0000 35682.0000 34496.0000 33768.0000 33496.0000 33070.0000 32945.0000 34147.0000 37185.0000 37345.0000 35503.0000 32491.0000 
29024.0000 26831.0000 25324.0000 24214.0000 24156.0000 24223.0000 25520.0000 29215.0000 32704.0000 34895.0000 35532.0000 35504.0000 35334.0000 35070.0000 33887.0000 32725.0000 32241.0000 31709.0000 31709.0000 32097.0000 35496.0000 35402.0000 33753.0000 31579.0000 
29209.0000 27240.0000 25209.0000 24247.0000 23423.0000 23175.0000 23392.0000 24421.0000 25193.0000 28452.0000 30504.0000 31281.0000 30548.0000 30414.0000 29911.0000 28612.0000 27619.0000 26873.0000 26690.0000 27612.0000 31284.0000 31997.0000 31404.0000 29656.0000 
27405.0000 25335.0000 23392.0000 22072.0000 21574.0000 21484.0000 21564.0000 22073.0000 22315.0000 24150.0000 26049.0000 26862.0000 26989.0000 26748.0000 27093.0000 26229.0000 25343.0000 24791.0000 24805.0000 25977.0000 30429.0000 31766.0000 31350.0000 29505.0000 
26944.0000 24233.0000 23000.0000 22570.0000 22559.0000 22929.0000 24527.0000 28620.0000 32100.0000 34489.0000 35412.0000 35512.0000 35068.0000 35085.0000 33985.0000 32820.0000 32582.0000 32241.0000 32272.0000 32814.0000 36071.0000 36672.0000 34244.0000 31809.0000 
28495.0000 26275.0000 24849.0000 24349.0000 23822.0000 23955.0000 25339.0000 28985.0000 32422.0000 34767.0000 35680.0000 36086.0000 35442.0000 35175.0000 34076.0000 33090.0000 32739.0000 32407.0000 32349.0000 32935.0000 36364.0000 36566.0000 34415.0000 31885.0000 
28534.0000 26407.0000 25190.0000 24087.0000 23729.0000 24163.0000 25303.0000 28525.0000 31830.0000 34229.0000 35306.0000 35055.0000 34687.0000 34296.0000 33160.0000 32622.0000 31952.0000 31772.0000 31710.0000 32543.0000 36141.0000 36199.0000 34086.0000 31466.0000 
28662.0000 26645.0000 25246.0000 24557.0000 24103.0000 24294.0000 25218.0000 29010.0000 32266.0000 34144.0000 35251.0000 35065.0000 34194.0000 34078.0000 32998.0000 32236.0000 31830.0000 31660.0000 31919.0000 32460.0000 36116.0000 36218.0000 34302.0000 31433.0000 
28881.0000 26717.0000 24965.0000 24252.0000 23653.0000 24139.0000 25136.0000 28309.0000 31468.0000 33673.0000 35224.0000 35238.0000 34780.0000 34359.0000 33225.0000 32142.0000 31569.0000 31516.0000 31652.0000 32038.0000 34770.0000 34802.0000 32905.0000 30450.0000 
27990.0000 26553.0000 24637.0000 23599.0000 23155.0000 22932.0000 22414.0000 23406.0000 24285.0000 26895.0000 29466.0000 30591.0000 30550.0000 30307.0000 30053.0000 28336.0000 27344.0000 26784.0000 26673.0000 27495.0000 30817.0000 31102.0000 30400.0000 28879.0000 
26914.0000 24428.0000 22757.0000 22125.0000 21061.0000 21069.0000 21121.0000 21256.0000 21620.0000 23544.0000 25780.0000 27029.0000 26721.0000 26765.0000 27287.0000 26206.0000 25337.0000 24786.0000 25081.0000 25999.0000 29617.0000 30745.0000 30320.0000 28710.0000 
26432.0000 24221.0000 22986.0000 21894.0000 21652.0000 21828.0000 23253.0000 26425.0000 29097.0000 32077.0000 33881.0000 34100.0000 34189.0000 33965.0000 33490.0000 32098.0000 31743.0000 31838.0000 31417.0000 31940.0000 34888.0000 35069.0000 32763.0000 30106.0000 
27160.0000 25295.0000 24263.0000 23201.0000 22906.0000 22967.0000 23783.0000 26771.0000 29003.0000 32138.0000 33890.0000 34512.0000 33914.0000 33603.0000 33169.0000 31932.0000 31108.0000 30979.0000 30857.0000 31154.0000 33975.0000 34586.0000 32547.0000 30359.0000 
27650.0000 25690.0000 24085.0000 23370.0000 22777.0000 23139.0000 24231.0000 26421.0000 28997.0000 31853.0000 33124.0000 33178.0000 32770.0000 32487.0000 31972.0000 30799.0000 30182.0000 29919.0000 29632.0000 29901.0000 32932.0000 33146.0000 31795.0000 29676.0000 
27450.0000 25345.0000 23665.0000 22606.0000 21950.0000 21824.0000 22044.0000 22665.0000 23647.0000 25631.0000 27033.0000 27657.0000 27508.0000 27136.0000 27055.0000 25792.0000 24847.0000 24425.0000 24378.0000 24899.0000 28369.0000 29386.0000 28495.0000 27106.0000 
25051.0000 23547.0000 22049.0000 20805.0000 20526.0000 20351.0000 20759.0000 20707.0000 20826.0000 22412.0000 24304.0000 24827.0000 25021.0000 24901.0000 24945.0000 24262.0000 23550.0000 23421.0000 23015.0000 23657.0000 27040.0000 27662.0000 27126.0000 26101.0000 
24447.0000 22785.0000 21448.0000 20502.0000 20169.0000 19884.0000 20501.0000 20678.0000 21370.0000 23792.0000 25796.0000 26925.0000 26377.0000 26314.0000 26702.0000 25766.0000 25069.0000 24555.0000 24611.0000 25112.0000 28350.0000 29610.0000 28662.0000 27067.0000 
24769.0000 23152.0000 21448.0000 20530.0000 20268.0000 19924.0000 20811.0000 23058.0000 24623.0000 26023.0000 28061.0000 28870.0000 29257.0000 29185.0000 28774.0000 27660.0000 26762.0000 26174.0000 26304.0000 26187.0000 26904.0000 30651.0000 30437.0000 28037.0000 
25738.0000 24000.0000 22512.0000 21622.0000 21369.0000 21638.0000 22978.0000 26277.0000 29239.0000 31320.0000 32729.0000 33018.0000 32688.0000 32551.0000 31111.0000 30491.0000 29888.0000 29622.0000 29322.0000 28905.0000 29303.0000 32670.0000 32019.0000 29288.0000 
26808.0000 25146.0000 23896.0000 22931.0000 22579.0000 22561.0000 23803.0000 26907.0000 29659.0000 31122.0000 32278.0000 32313.0000 32229.0000 32081.0000 31276.0000 29967.0000 29592.0000 29287.0000 28856.0000 28734.0000 29342.0000 32559.0000 31704.0000 28964.0000 
26605.0000 24911.0000 23393.0000 22882.0000 22693.0000 22691.0000 23873.0000 27135.0000 30084.0000 31703.0000 32853.0000 33268.0000 33236.0000 33007.0000 32078.0000 31029.0000 30556.0000 30191.0000 29900.0000 29544.0000 30195.0000 32939.0000 32347.0000 29418.0000 
27136.0000 25545.0000 24110.0000 23322.0000 23103.0000 23057.0000 24020.0000 27530.0000 30581.0000 32391.0000 33543.0000 33617.0000 33575.0000 33339.0000 32139.0000 30899.0000 30065.0000 29657.0000 29433.0000 28855.0000 29440.0000 31555.0000 31618.0000 29298.0000 
27382.0000 25840.0000 23974.0000 23044.0000 22371.0000 22027.0000 22245.0000 23501.0000 24195.0000 26543.0000 28802.0000 29813.0000 29851.0000 29400.0000 29220.0000 27789.0000 26542.0000 25874.0000 25665.0000 25792.0000 26455.0000 28881.0000 28871.0000 27720.0000 
26221.0000 24306.0000 22811.0000 21739.0000 20949.0000 20804.0000 20841.0000 21774.0000 21277.0000 22521.0000 24977.0000 26361.0000 26959.0000 26904.0000 27347.0000 26038.0000 25020.0000 24190.0000 24266.0000 24615.0000 25855.0000 29704.0000 29567.0000 27883.0000 
25647.0000 23642.0000 22391.0000 21847.0000 21601.0000 21823.0000 23414.0000 27042.0000 30139.0000 32032.0000 33712.0000 34262.0000 34184.0000 34466.0000 33104.0000 32276.0000 31897.0000 31711.0000 31743.0000 31575.0000 32052.0000 34221.0000 32907.0000 29751.0000 
27306.0000 25644.0000 24057.0000 23271.0000 22738.0000 23197.0000 24054.0000 27698.0000 31394.0000 33075.0000 34207.0000 34360.0000 34619.0000 34606.0000 33315.0000 32020.0000 31716.0000 31444.0000 31426.0000 31100.0000 31850.0000 34639.0000 33219.0000 29897.0000 
27713.0000 25809.0000 24148.0000 23371.0000 23008.0000 23287.0000 24297.0000 27835.0000 30979.0000 32644.0000 33761.0000 33287.0000 33383.0000 33197.0000 31991.0000 30883.0000 30533.0000 30079.0000 29829.0000 29407.0000 30183.0000 33200.0000 32396.0000 29590.0000 
27159.0000 25153.0000 23965.0000 23196.0000 23001.0000 23004.0000 23961.0000 27411.0000 30238.0000 32049.0000 32950.0000 32934.0000 32887.0000 32602.0000 31578.0000 30683.0000 30417.0000 29941.0000 29987.0000 29321.0000 29903.0000 33002.0000 32218.0000 29416.0000 
27057.0000 25464.0000 24077.0000 23319.0000 22779.0000 23102.0000 24075.0000 27470.0000 30638.0000 32453.0000 33365.0000 33903.0000 33779.0000 33572.0000 32433.0000 31196.0000 30574.0000 29990.0000 29846.0000 29611.0000 29970.0000 32318.0000 31827.0000 29436.0000 
27095.0000 25664.0000 23938.0000 22947.0000 22689.0000 22171.0000 22384.0000 23255.0000 23917.0000 26518.0000 28732.0000 29526.0000 29208.0000 28866.0000 28431.0000 27089.0000 25971.0000 25348.0000 25321.0000 25306.0000 26090.0000 28685.0000 29268.0000 27559.0000 
25896.0000 24094.0000 22405.0000 21423.0000 20575.0000 20418.0000 20131.0000 20971.0000 20788.0000 22582.0000 24821.0000 26035.0000 26282.0000 26309.0000 26655.0000 25535.0000 24565.0000 23769.0000 23781.0000 24318.0000 25661.0000 28617.0000 29580.0000 27626.0000 
25336.0000 23488.0000 22176.0000 21511.0000 21299.0000 21353.0000 22773.0000 27054.0000 30054.0000 31951.0000 33183.0000 33561.0000 33218.0000 33416.0000 32400.0000 31338.0000 31111.0000 30962.0000 31005.0000 30440.0000 31008.0000 34000.0000 32879.0000 29474.0000 
27131.0000 25622.0000 24163.0000 23475.0000 22974.0000 23233.0000 24210.0000 28074.0000 30673.0000 32444.0000 33511.0000 33867.0000 33567.0000 33670.0000 32901.0000 31792.0000 31810.0000 31063.0000 30767.0000 30467.0000 31407.0000 33733.0000 32495.0000 29703.0000 
27392.0000 25406.0000 23687.0000 23447.0000 22923.0000 23261.0000 24306.0000 27761.0000 30341.0000 32114.0000 33135.0000 33044.0000 33091.0000 33394.0000 32164.0000 31043.0000 30482.0000 30556.0000 30178.0000 29874.0000 30244.0000 32279.0000 31691.0000 28979.0000 
26768.0000 25241.0000 23823.0000 23369.0000 22796.0000 23081.0000 24077.0000 27464.0000 29885.0000 31960.0000 32633.0000 32747.0000 32815.0000 33042.0000 32009.0000 30870.0000 30446.0000 30449.0000 29828.0000 29983.0000 30082.0000 32269.0000 32126.0000 29184.0000 
26984.0000 25409.0000 23646.0000 23050.0000 22633.0000 22845.0000 23751.0000 27156.0000 29424.0000 31160.0000 32431.0000 32457.0000 32838.0000 32663.0000 31639.0000 30391.0000 30154.0000 29728.0000 29605.0000 29276.0000 29722.0000 31834.0000 31054.0000 28569.0000 
26848.0000 25424.0000 23792.0000 22749.0000 22507.0000 22190.0000 22032.0000 23323.0000 23490.0000 25908.0000 28181.0000 28904.0000 28998.0000 29008.0000 28761.0000 27495.0000 26260.0000 25812.0000 25308.0000 25582.0000 25925.0000 28326.0000 28867.0000 26887.0000 
25292.0000 23592.0000 22079.0000 21080.0000 20560.0000 20283.0000 20547.0000 20925.0000 20583.0000 22360.0000 24316.0000 25602.0000 25910.0000 25933.0000 25825.0000 24910.0000 24064.0000 23612.0000 23237.0000 23483.0000 24282.0000 27311.0000 28770.0000 27332.0000 
25066.0000 23273.0000 22177.0000 21432.0000 21577.0000 21485.0000 22816.0000 26823.0000 29169.0000 30901.0000 31855.0000 32035.0000 32319.0000 32361.0000 31240.0000 30162.0000 29846.0000 29626.0000 29298.0000 29206.0000 29691.0000 31736.0000 31415.0000 28542.0000 
26281.0000 25104.0000 24031.0000 23321.0000 23051.0000 22995.0000 24018.0000 27242.0000 29325.0000 31354.0000 32097.0000 32480.0000 33081.0000 33094.0000 32101.0000 31252.0000 30798.0000 30431.0000 30621.0000 30114.0000 30520.0000 32551.0000 31801.0000 28943.0000 
26535.0000 25218.0000 23874.0000 23010.0000 22996.0000 23237.0000 24097.0000 27117.0000 30186.0000 31764.0000 32849.0000 32933.0000 33172.0000 33503.0000 32196.0000 31175.0000 30929.0000 30494.0000 30129.0000 29977.0000 30787.0000 32397.0000 32143.0000 28910.0000 
26623.0000 24989.0000 23744.0000 22812.0000 22756.0000 22981.0000 23816.0000 27339.0000 29399.0000 31283.0000 32523.0000 32617.0000 32535.0000 32410.0000 31485.0000 30283.0000 29981.0000 29747.0000 29630.0000 29291.0000 29819.0000 31812.0000 31997.0000 28922.0000 
26806.0000 25311.0000 23741.0000 23217.0000 22599.0000 23093.0000 23895.0000 27199.0000 29320.0000 31191.0000 32222.0000 32278.0000 32226.0000 32149.0000 31215.0000 30084.0000 29539.0000 28998.0000 28843.0000 28640.0000 28747.0000 29846.0000 30462.0000 28078.0000 
26326.0000 24847.0000 23435.0000 22199.0000 21903.0000 21518.0000 21282.0000 22149.0000 22723.0000 25207.0000 27414.0000 28266.0000 28063.0000 28073.0000 27778.0000 26597.0000 25249.0000 24530.0000 24358.0000 24533.0000 25245.0000 26757.0000 27987.0000 26061.0000 
24551.0000 22610.0000 21428.0000 20195.0000 19890.0000 19685.0000 19683.0000 20185.0000 20363.0000 22017.0000 23946.0000 25012.0000 25151.0000 24947.0000 25284.0000 24170.0000 22997.0000 22584.0000 22469.0000 22744.0000 23811.0000 26049.0000 27948.0000 26488.0000 
24305.0000 22744.0000 21346.0000 20751.0000 20729.0000 20979.0000 22104.0000 25589.0000 28083.0000 29942.0000 31054.0000 31300.0000 31540.0000 31502.0000 30545.0000 29500.0000 28934.0000 28464.0000 28486.0000 28323.0000 28539.0000 30187.0000 30970.0000 28011.0000 
25835.0000 23889.0000 23052.0000 22307.0000 22122.0000 22304.0000 23318.0000 26369.0000 28879.0000 30606.0000 31305.0000 31534.0000 31524.0000 31649.0000 30665.0000 29707.0000 29363.0000 29205.0000 29022.0000 28712.0000 29263.0000 30801.0000 31260.0000 28164.0000 
25563.0000 24309.0000 23117.0000 22393.0000 22283.0000 22323.0000 23180.0000 26294.0000 28731.0000 30594.0000 31589.0000 31768.0000 31861.0000 31934.0000 31072.0000 30060.0000 29802.0000 29567.0000 29082.0000 29249.0000 30065.0000 31288.0000 31342.0000 28612.0000 
26049.0000 24585.0000 23508.0000 22678.0000 22241.0000 22582.0000 23272.0000 26165.0000 28874.0000 30616.0000 31511.0000 32082.0000 32026.0000 31890.0000 30993.0000 29912.0000 29461.0000 29329.0000 29260.0000 29159.0000 29433.0000 30791.0000 31171.0000 28302.0000 
25996.0000 24492.0000 23142.0000 22798.0000 22326.0000 22221.0000 23250.0000 25907.0000 28582.0000 30933.0000 31958.0000 31867.0000 31960.0000 32100.0000 31075.0000 29858.0000 29211.0000 28839.0000 28533.0000 28252.0000 28567.0000 29873.0000 30491.0000 28429.0000 
26052.0000 24552.0000 23353.0000 22176.0000 21613.0000 21216.0000 21273.0000 21903.0000 22587.0000 24813.0000 27406.0000 28249.0000 28132.0000 27811.0000 27777.0000 26770.0000 25435.0000 24812.0000 24411.0000 24546.0000 24698.0000 26419.0000 28056.0000 26007.0000 
24481.0000 22870.0000 21332.0000 20039.0000 19538.0000 19359.0000 19206.0000 19093.0000 19150.0000 20784.0000 22825.0000 23727.0000 24087.0000 23918.0000 23796.0000 22491.0000 21584.0000 21436.0000 21286.0000 21421.0000 22112.0000 24005.0000 26420.0000 24842.0000 
23006.0000 21514.0000 20272.0000 19627.0000 19428.0000 19678.0000 20594.0000 22990.0000 24015.0000 26253.0000 27737.0000 28575.0000 28541.0000 28754.0000 28233.0000 27398.0000 26533.0000 26447.0000 26100.0000 26175.0000 26772.0000 28315.0000 29327.0000 27394.0000 
24710.0000 23180.0000 22065.0000 21656.0000 21571.0000 21634.0000 22635.0000 25137.0000 28266.0000 29956.0000 31224.0000 31173.0000 31427.0000 31423.0000 30794.0000 29545.0000 28929.0000 28942.0000 28803.0000 28431.0000 28622.0000 29854.0000 30437.0000 27777.0000 
25597.0000 24385.0000 23048.0000 22515.0000 22102.0000 22366.0000 23160.0000 25863.0000 28259.0000 29811.0000 30865.0000 31014.0000 31524.0000 31674.0000 30825.0000 29715.0000 29469.0000 29042.0000 29005.0000 28767.0000 29272.0000 30240.0000 30525.0000 27816.0000 
25550.0000 23955.0000 23136.0000 22331.0000 21989.0000 22220.0000 23146.0000 25848.0000 28087.0000 29728.0000 30853.0000 31044.0000 31405.0000 31558.0000 30603.0000 29734.0000 29567.0000 29229.0000 29140.0000 28875.0000 29087.0000 30434.0000 31062.0000 27957.0000 
25596.0000 24474.0000 23017.0000 22598.0000 22284.0000 22469.0000 23187.0000 25959.0000 28177.0000 30226.0000 31251.0000 31675.0000 31692.0000 32173.0000 31061.0000 29983.0000 29425.0000 29134.0000 28966.0000 28699.0000 28993.0000 29809.0000 30271.0000 27799.0000 
25882.0000 24278.0000 23081.0000 22354.0000 21550.0000 21439.0000 21170.0000 21742.0000 22523.0000 24954.0000 27304.0000 28622.0000 28412.0000 28053.0000 27884.0000 26647.0000 25369.0000 24664.0000 24620.0000 24782.0000 24961.0000 26508.0000 27784.0000 25941.0000 
24205.0000 22562.0000 20935.0000 19866.0000 19887.0000 19653.0000 19491.0000 19530.0000 19693.0000 21146.0000 23348.0000 24781.0000 25748.0000 26024.0000 26207.0000 24965.0000 23642.0000 22961.0000 23092.0000 23404.0000 24231.0000 25994.0000 27876.0000 25983.0000 
24161.0000 22663.0000 21355.0000 20720.0000 20496.0000 21052.0000 21993.0000 24690.0000 27514.0000 30238.0000 31613.0000 31924.0000 32149.0000 32505.0000 31537.0000 30415.0000 29913.0000 29682.0000 29332.0000 29685.0000 29642.0000 30653.0000 31054.0000 27924.0000 
25842.0000 24069.0000 22872.0000 22076.0000 21850.0000 21893.0000 23003.0000 25539.0000 28682.0000 30306.0000 31707.0000 32087.0000 32133.0000 32721.0000 32025.0000 30560.0000 30383.0000 30163.0000 29865.0000 29942.0000 30381.0000 31102.0000 31466.0000 28309.0000 
25818.0000 23851.0000 22596.0000 22337.0000 22007.0000 22170.0000 23028.0000 25727.0000 28519.0000 30544.0000 31403.0000 31534.0000 31912.0000 31938.0000 31540.0000 30424.0000 30056.0000 29802.0000 29870.0000 29591.0000 29873.0000 30975.0000 31211.0000 28592.0000 
25913.0000 24231.0000 22643.0000 22143.0000 21840.0000 21877.0000 23020.0000 25694.0000 28520.0000 30238.0000 31214.0000 31800.0000 32265.0000 32309.0000 31185.0000 30269.0000 29983.0000 29688.0000 29555.0000 29464.0000 29775.0000 30792.0000 31305.0000 28500.0000 
26037.0000 24373.0000 23041.0000 22362.0000 21919.0000 22126.0000 22887.0000 25570.0000 28252.0000 30345.0000 31261.0000 31698.0000 31717.0000 31975.0000 31139.0000 30063.0000 29431.0000 29369.0000 28798.0000 28720.0000 28613.0000 29252.0000 30279.0000 28275.0000 
26074.0000 24408.0000 22734.0000 21986.0000 21555.0000 21372.0000 21261.0000 21479.0000 22492.0000 24766.0000 27067.0000 28025.0000 27747.0000 27761.0000 27604.0000 25997.0000 25276.0000 24736.0000 24603.0000 24517.0000 25238.0000 26294.0000 27686.0000 25910.0000 
24189.0000 22773.0000 21048.0000 20164.0000 19420.0000 19396.0000 19489.0000 19292.0000 19549.0000 21378.0000 22935.0000 24368.0000 24209.0000 24598.0000 24449.0000 23620.0000 22810.0000 21810.0000 21950.0000 22281.0000 22980.0000 24157.0000 26865.0000 25635.0000 
23541.0000 21771.0000 20807.0000 20023.0000 20133.0000 20234.0000 21158.0000 22689.0000 24877.0000 26951.0000 27768.0000 28211.0000 28278.0000 28897.0000 28320.0000 27118.0000 26820.0000 26279.0000 26540.0000 26374.0000 26769.0000 28139.0000 29525.0000 26976.0000 
24704.0000 23306.0000 21954.0000 21403.0000 21385.0000 21363.0000 22588.0000 24502.0000 27031.0000 28946.0000 30090.0000 30398.0000 30595.0000 30942.0000 30008.0000 29056.0000 28724.0000 28523.0000 28453.0000 28038.0000 28522.0000 29211.0000 30239.0000 27529.0000 
25292.0000 24034.0000 22925.0000 22242.0000 22088.0000 22066.0000 22941.0000 25068.0000 27799.0000 29717.0000 30635.0000 31057.0000 31164.0000 31682.0000 30889.0000 29836.0000 29773.0000 29498.0000 29324.0000 29380.0000 29572.0000 30007.0000 30545.0000 27808.0000 
25517.0000 24166.0000 23127.0000 22584.0000 22168.0000 22253.0000 23256.0000 25023.0000 27772.0000 29808.0000 30508.0000 30874.0000 31200.0000 31465.0000 30667.0000 29875.0000 29535.0000 29418.0000 29255.0000 28992.0000 29239.0000 29496.0000 30323.0000 27674.0000 
25808.0000 24359.0000 22828.0000 22454.0000 22183.0000 22322.0000 23235.0000 25139.0000 27702.0000 29648.0000 30634.0000 31341.0000 31557.0000 31960.0000 31293.0000 30249.0000 29724.0000 29336.0000 29170.0000 28998.0000 28709.0000 28777.0000 29877.0000 27371.0000 
25562.0000 24250.0000 22891.0000 22277.0000 21496.0000 21349.0000 21158.0000 21252.0000 22307.0000 24877.0000 26759.0000 27638.0000 27907.0000 28004.0000 28152.0000 26736.0000 25961.0000 25517.0000 25308.0000 25265.0000 25299.0000 25900.0000 27603.0000 25695.0000 
24178.0000 22856.0000 21478.0000 20381.0000 20185.0000 19864.0000 19884.0000 19408.0000 20017.0000 21433.0000 23426.0000 24491.0000 25119.0000 25311.0000 25612.0000 24762.0000 22988.0000 22880.0000 22952.0000 23159.0000 23681.0000 24938.0000 27059.0000 25784.0000 
24201.0000 22579.0000 21422.0000 20972.0000 20740.0000 20615.0000 21787.0000 24426.0000 27157.0000 29021.0000 30276.0000 30570.0000 30965.0000 31466.0000 30472.0000 29424.0000 29004.0000 29173.0000 28625.0000 28587.0000 28554.0000 29265.0000 29966.0000 27226.0000 
25038.0000 23801.0000 22472.0000 21976.0000 22067.0000 21763.0000 22926.0000 24811.0000 27347.0000 29355.0000 30160.0000 30569.0000 31065.0000 31553.0000 30704.0000 29686.0000 29319.0000 29467.0000 29752.0000 29427.0000 29529.0000 30065.0000 30635.0000 27942.0000 
25612.0000 24305.0000 23295.0000 22555.0000 22386.0000 22226.0000 23160.0000 25079.0000 27894.0000 29781.0000 30795.0000 31284.0000 31737.0000 32088.0000 31194.0000 30203.0000 30196.0000 30224.0000 29671.0000 29728.0000 29621.0000 30112.0000 30941.0000 28380.0000 
25593.0000 24645.0000 23414.0000 22871.0000 22758.0000 22778.0000 23538.0000 25189.0000 27753.0000 29570.0000 30727.0000 31097.0000 31216.0000 31427.0000 30858.0000 30052.0000 29708.0000 29896.0000 29520.0000 29527.0000 29398.0000 29934.0000 30551.0000 28209.0000 
25909.0000 24673.0000 23838.0000 22781.0000 22862.0000 22895.0000 23621.0000 25455.0000 27721.0000 29811.0000 30800.0000 31417.0000 31685.0000 32089.0000 31586.0000 30126.0000 29451.0000 29548.0000 28994.0000 28958.0000 28645.0000 28760.0000 29667.0000 27765.0000 
25763.0000 24574.0000 23520.0000 22293.0000 21834.0000 21854.0000 21465.0000 21277.0000 22819.0000 24942.0000 27078.0000 28121.0000 28136.0000 27942.0000 28032.0000 26754.0000 25593.0000 25090.0000 25245.0000 25126.0000 25446.0000 26078.0000 26694.0000 25218.0000 
24050.0000 22406.0000 21190.0000 20215.0000 20146.0000 19673.0000 19873.0000 19262.0000 19598.0000 21384.0000 22936.0000 23948.0000 24259.0000 24592.0000 25199.0000 24344.0000 23317.0000 22602.0000 22426.0000 22548.0000 23416.0000 24219.0000 26742.0000 25817.0000 
24050.0000 22154.0000 21168.0000 20576.0000 20536.0000 20808.0000 21918.0000 23840.0000 26773.0000 29065.0000 29973.0000 30444.0000 30942.0000 31459.0000 30844.0000 29601.0000 29425.0000 29185.0000 29181.0000 28809.0000 28705.0000 29128.0000 29969.0000 27829.0000 
25326.0000 23827.0000 22741.0000 22358.0000 22309.0000 22177.0000 22975.0000 24644.0000 27348.0000 29162.0000 30076.0000 30579.0000 31105.0000 31250.0000 30715.0000 29747.0000 29457.0000 29376.0000 29248.0000 28908.0000 28759.0000 29403.0000 30049.0000 27529.0000 
25451.0000 23872.0000 23005.0000 22600.0000 22338.0000 22329.0000 23216.0000 25061.0000 27673.0000 29203.0000 30297.0000 30851.0000 31320.0000 31287.0000 30872.0000 29870.0000 29883.0000 29834.0000 29703.0000 29474.0000 29227.0000 29614.0000 30227.0000 28089.0000 
25429.0000 24658.0000 23066.0000 22731.0000 22090.0000 22420.0000 23076.0000 24892.0000 27687.0000 29466.0000 30640.0000 30809.0000 31790.0000 31904.0000 31326.0000 30366.0000 30346.0000 30336.0000 30366.0000 29846.0000 29758.0000 29943.0000 30627.0000 28776.0000 
26215.0000 24834.0000 23595.0000 23271.0000 23039.0000 22884.0000 23744.0000 25688.0000 27956.0000 29864.0000 31193.0000 31564.0000 32021.0000 32098.0000 31956.0000 30468.0000 29967.0000 30240.0000 29872.0000 29539.0000 28980.0000 29033.0000 29698.0000 27862.0000 
25740.0000 24555.0000 23439.0000 22751.0000 22162.0000 21847.0000 21534.0000 21517.0000 23051.0000 25093.0000 27363.0000 28255.0000 28114.0000 28389.0000 28340.0000 26953.0000 25564.0000 25262.0000 25322.0000 25343.0000 25607.0000 26025.0000 27410.0000 26016.0000 
24470.0000 23005.0000 21477.0000 20885.0000 20475.0000 20063.0000 20229.0000 19434.0000 20258.0000 21590.0000 23395.0000 24911.0000 24994.0000 25342.0000 25730.0000 24680.0000 23780.0000 23450.0000 23179.0000 23380.0000 23828.0000 25281.0000 27656.0000 26785.0000 
24716.0000 22994.0000 21860.0000 21453.0000 21152.0000 21102.0000 22447.0000 24457.0000 27356.0000 29358.0000 30770.0000 31166.0000 31855.0000 32193.0000 31570.0000 30511.0000 30272.0000 30860.0000 30793.0000 30533.0000 30314.0000 30230.0000 30634.0000 28481.0000 
26114.0000 24629.0000 23624.0000 23111.0000 22924.0000 22824.0000 23720.0000 25062.0000 28238.0000 30202.0000 31547.0000 32325.0000 33030.0000 33278.0000 32992.0000 31885.0000 31902.0000 32056.0000 32070.0000 31778.0000 31094.0000 31264.0000 31393.0000 29300.0000 
27009.0000 25469.0000 24144.0000 23535.0000 23299.0000 23610.0000 24364.0000 26000.0000 28369.0000 30759.0000 32055.0000 32926.0000 33524.0000 33722.0000 33065.0000 32919.0000 32694.0000 32877.0000 33244.0000 32607.0000 32198.0000 32018.0000 31957.0000 30117.0000 
27594.0000 26385.0000 24842.0000 24305.0000 23745.0000 23831.0000 24491.0000 26060.0000 28363.0000 30919.0000 32309.0000 33144.0000 33834.0000 34649.0000 34353.0000 33659.0000 33386.0000 33455.0000 33665.0000 32829.0000 32334.0000 32078.0000 32218.0000 30091.0000 
27985.0000 26297.0000 25130.0000 24223.0000 24110.0000 24082.0000 24761.0000 26365.0000 29093.0000 30850.0000 32271.0000 33233.0000 33769.0000 34345.0000 33739.0000 32442.0000 32163.0000 32467.0000 32458.0000 31364.0000 30743.0000 30450.0000 30551.0000 28528.0000 
26754.0000 25697.0000 24385.0000 23593.0000 22815.0000 22659.0000 22427.0000 21955.0000 23458.0000 25346.0000 27714.0000 28629.0000 29195.0000 29213.0000 29627.0000 28381.0000 27334.0000 26791.0000 26535.0000 26633.0000 26852.0000 27001.0000 28030.0000 26964.0000 
25344.0000 23827.0000 22520.0000 21352.0000 20853.0000 20636.0000 20575.0000 19879.0000 20364.0000 21814.0000 23473.0000 24585.0000 25313.0000 25765.0000 26178.0000 25869.0000 24924.0000 24632.0000 24867.0000 24924.0000 25670.0000 26501.0000 28165.0000 27624.0000 
25651.0000 23779.0000 22877.0000 22173.0000 21885.0000 21848.0000 23043.0000 25306.0000 28275.0000 30326.0000 32137.0000 33310.0000 33997.0000 34735.0000 34291.0000 33550.0000 33521.0000 33775.0000 33793.0000 33230.0000 32778.0000 32219.0000 32145.0000 30298.0000 
28113.0000 26807.0000 25140.0000 24345.0000 23825.0000 24074.0000 24793.0000 26029.0000 29081.0000 30653.0000 32379.0000 33002.0000 33719.0000 34161.0000 33821.0000 32982.0000 33031.0000 33248.0000 33092.0000 32727.0000 32212.0000 31921.0000 31934.0000 30126.0000 
27595.0000 26409.0000 25100.0000 24587.0000 24111.0000 24143.0000 24800.0000 26666.0000 29340.0000 30951.0000 32024.0000 33020.0000 33071.0000 33739.0000 33020.0000 31777.0000 31643.0000 31708.0000 31656.0000 30995.0000 30629.0000 30710.0000 30900.0000 28801.0000 
26432.0000 25509.0000 24245.0000 23543.0000 23516.0000 22977.0000 24155.0000 25493.0000 27679.0000 29456.0000 30550.0000 30776.0000 31287.0000 31483.0000 30720.0000 29728.0000 29470.0000 29655.0000 29559.0000 29039.0000 29171.0000 29723.0000 29869.0000 28029.0000 
26068.0000 25223.0000 24223.0000 23318.0000 23125.0000 22903.0000 23630.0000 25198.0000 27738.0000 29637.0000 30871.0000 31274.0000 31477.0000 31677.0000 31020.0000 29825.0000 29266.0000 29303.0000 29287.0000 28758.0000 29043.0000 29091.0000 29235.0000 27565.0000 
25614.0000 25138.0000 23807.0000 22975.0000 22414.0000 22151.0000 22115.0000 21849.0000 22779.0000 24818.0000 27128.0000 27698.0000 27797.0000 28348.0000 28416.0000 26931.0000 25736.0000 25449.0000 25312.0000 25542.0000 25761.0000 26261.0000 27521.0000 26386.0000 
24563.0000 23413.0000 22033.0000 21007.0000 20671.0000 20165.0000 20165.0000 19627.0000 19979.0000 21448.0000 23310.0000 24483.0000 24761.0000 25129.0000 25675.0000 24785.0000 23910.0000 23351.0000 23428.0000 24047.0000 24502.0000 25074.0000 27511.0000 26783.0000 
24919.0000 23208.0000 22023.0000 21482.0000 21424.0000 21492.0000 22307.0000 24406.0000 27213.0000 29440.0000 30830.0000 31250.0000 31770.0000 32453.0000 31838.0000 30869.0000 30876.0000 30941.0000 30868.0000 30540.0000 30509.0000 30575.0000 30710.0000 28791.0000 
26350.0000 25442.0000 23943.0000 23464.0000 23141.0000 23107.0000 24126.0000 25596.0000 28084.0000 30284.0000 31424.0000 32275.0000 32880.0000 33355.0000 33031.0000 32066.0000 31965.0000 32397.0000 32497.0000 31857.0000 31660.0000 31610.0000 31130.0000 29226.0000 
28667.0000 27611.0000 25908.0000 23817.0000 22198.0000 20975.0000 20460.0000 19555.0000 19113.0000 18170.0000 19388.0000 21105.0000 21984.0000 23049.0000 23694.0000 22997.0000 22291.0000 22653.0000 24749.0000 27906.0000 28978.0000 30398.0000 30329.0000 29593.0000 
